rcept_no,reprt_code,bsns_year,corp_code,stock_code,fs_div,fs_nm,sj_div,sj_nm,account_nm,thstrm_nm,thstrm_dt,thstrm_amount,frmtrm_nm,frmtrm_dt,frmtrm_amount,bfefrmtrm_nm,bfefrmtrm_dt,bfefrmtrm_amount,ord,currency,종목명,종목코드,조회연도
20210311000922,11011,2020,00161383,042700,CFS,연결재무제표,BS,재무상태표,유동자산,제 41 기,2020.12.31 현재,"208,937,098,511",제 40 기,2019.12.31 현재,"129,499,857,299",제 39 기,2018.12.31 현재,"113,439,021,981",1,KRW,한미반도체,042700,2020
20210311000922,11011,2020,00161383,042700,CFS,연결재무제표,BS,재무상태표,비유동자산,제 41 기,2020.12.31 현재,"118,029,769,527",제 40 기,2019.12.31 현재,"127,974,824,030",제 39 기,2018.12.31 현재,"132,589,926,289",3,KRW,한미반도체,042700,2020
20210311000922,11011,2020,00161383,042700,CFS,연결재무제표,BS,재무상태표,자산총계,제 41 기,2020.12.31 현재,"326,966,868,038",제 40 기,2019.12.31 현재,"257,474,681,329",제 39 기,2018.12.31 현재,"246,028,948,270",5,KRW,한미반도체,042700,2020
20210311000922,11011,2020,00161383,042700,CFS,연결재무제표,BS,재무상태표,유동부채,제 41 기,2020.12.31 현재,"67,572,880,984",제 40 기,2019.12.31 현재,"31,765,712,250",제 39 기,2018.12.31 현재,"29,310,767,084",7,KRW,한미반도체,042700,2020
20210311000922,11011,2020,00161383,042700,CFS,연결재무제표,BS,재무상태표,비유동부채,제 41 기,2020.12.31 현재,"2,303,444,251",제 40 기,2019.12.31 현재,"6,003,767,275",제 39 기,2018.12.31 현재,"1,161,114,311",9,KRW,한미반도체,042700,2020
20210311000922,11011,2020,00161383,042700,CFS,연결재무제표,BS,재무상태표,부채총계,제 41 기,2020.12.31 현재,"69,876,325,235",제 40 기,2019.12.31 현재,"37,769,479,525",제 39 기,2018.12.31 현재,"30,471,881,395",11,KRW,한미반도체,042700,2020
20210311000922,11011,2020,00161383,042700,CFS,연결재무제표,BS,재무상태표,자본금,제 41 기,2020.12.31 현재,"12,716,420,500",제 40 기,2019.12.31 현재,"12,716,420,500",제 39 기,2018.12.31 현재,"12,716,420,500",13,KRW,한미반도체,042700,2020
20210311000922,11011,2020,00161383,042700,CFS,연결재무제표,BS,재무상태표,이익잉여금,제 41 기,2020.12.31 현재,"215,235,788,066",제 40 기,2019.12.31 현재,"208,881,643,066",제 39 기,2018.12.31 현재,"203,941,883,900",17,KRW,한미반도체,042700,2020
20210311000922,11011,2020,00161383,042700,CFS,연결재무제표,BS,재무상태표,자본총계,제 41 기,2020.12.31 현재,"257,090,542,803",제 40 기,2019.12.31 현재,"219,705,201,804",제 39 기,2018.12.31 현재,"215,557,066,875",21,KRW,한미반도체,042700,2020
20210311000922,11011,2020,00161383,042700,CFS,연결재무제표,IS,손익계산서,매출액,제 41 기,2020.01.01 ~ 2020.12.31,"257,385,897,660",제 40 기,2019.01.01 ~ 2019.12.31,"120,377,520,384",제 39 기,2018.01.01 ~ 2018.12.31,"217,114,859,555",23,KRW,한미반도체,042700,2020
20210311000922,11011,2020,00161383,042700,CFS,연결재무제표,IS,손익계산서,영업이익,제 41 기,2020.01.01 ~ 2020.12.31,"66,649,466,315",제 40 기,2019.01.01 ~ 2019.12.31,"13,725,362,614",제 39 기,2018.01.01 ~ 2018.12.31,"56,788,924,892",25,KRW,한미반도체,042700,2020
20210311000922,11011,2020,00161383,042700,CFS,연결재무제표,IS,손익계산서,법인세차감전 순이익,제 41 기,2020.01.01 ~ 2020.12.31,"65,646,976,995",제 40 기,2019.01.01 ~ 2019.12.31,"24,575,935,343",제 39 기,2018.01.01 ~ 2018.12.31,"62,009,128,363",27,KRW,한미반도체,042700,2020
20210311000922,11011,2020,00161383,042700,CFS,연결재무제표,IS,손익계산서,당기순이익(손실),제 41 기,2020.01.01 ~ 2020.12.31,"50,131,485,364",제 40 기,2019.01.01 ~ 2019.12.31,"19,262,572,161",제 39 기,2018.01.01 ~ 2018.12.31,"49,272,961,449",29,KRW,한미반도체,042700,2020
20210311000922,11011,2020,00161383,042700,CFS,연결재무제표,IS,손익계산서,당기순이익(손실),제 41 기,2020.01.01 ~ 2020.12.31,"50,131,485,364",제 40 기,2019.01.01 ~ 2019.12.31,"19,262,572,161",제 39 기,2018.01.01 ~ 2018.12.31,"49,272,961,449",61,KRW,한미반도체,042700,2020
20210311000922,11011,2020,00161383,042700,OFS,재무제표,BS,재무상태표,유동자산,제 41 기,2020.12.31 현재,"208,594,111,352",제 40 기,2019.12.31 현재,"129,108,919,657",제 39 기,2018.12.31 현재,"112,578,694,106",2,KRW,한미반도체,042700,2020
20210311000922,11011,2020,00161383,042700,OFS,재무제표,BS,재무상태표,비유동자산,제 41 기,2020.12.31 현재,"113,698,576,467",제 40 기,2019.12.31 현재,"125,892,988,183",제 39 기,2018.12.31 현재,"128,941,643,232",4,KRW,한미반도체,042700,2020
20210311000922,11011,2020,00161383,042700,OFS,재무제표,BS,재무상태표,자산총계,제 41 기,2020.12.31 현재,"322,292,687,819",제 40 기,2019.12.31 현재,"255,001,907,840",제 39 기,2018.12.31 현재,"241,520,337,338",6,KRW,한미반도체,042700,2020
20210311000922,11011,2020,00161383,042700,OFS,재무제표,BS,재무상태표,유동부채,제 41 기,2020.12.31 현재,"68,502,933,557",제 40 기,2019.12.31 현재,"32,206,855,992",제 39 기,2018.12.31 현재,"29,698,444,910",8,KRW,한미반도체,042700,2020
20210311000922,11011,2020,00161383,042700,OFS,재무제표,BS,재무상태표,비유동부채,제 41 기,2020.12.31 현재,"2,296,263,503",제 40 기,2019.12.31 현재,"6,003,046,352",제 39 기,2018.12.31 현재,"1,160,428,985",10,KRW,한미반도체,042700,2020
20210311000922,11011,2020,00161383,042700,OFS,재무제표,BS,재무상태표,부채총계,제 41 기,2020.12.31 현재,"70,799,197,060",제 40 기,2019.12.31 현재,"38,209,902,344",제 39 기,2018.12.31 현재,"30,858,873,895",12,KRW,한미반도체,042700,2020
20210311000922,11011,2020,00161383,042700,OFS,재무제표,BS,재무상태표,자본금,제 41 기,2020.12.31 현재,"12,716,420,500",제 40 기,2019.12.31 현재,"12,716,420,500",제 39 기,2018.12.31 현재,"12,716,420,500",15,KRW,한미반도체,042700,2020
20210311000922,11011,2020,00161383,042700,OFS,재무제표,BS,재무상태표,이익잉여금,제 41 기,2020.12.31 현재,"209,206,742,714",제 40 기,2019.12.31 현재,"205,597,564,869",제 39 기,2018.12.31 현재,"198,545,777,309",19,KRW,한미반도체,042700,2020
20210311000922,11011,2020,00161383,042700,OFS,재무제표,BS,재무상태표,자본총계,제 41 기,2020.12.31 현재,"251,493,490,759",제 40 기,2019.12.31 현재,"216,792,005,496",제 39 기,2018.12.31 현재,"210,661,463,443",22,KRW,한미반도체,042700,2020
20210311000922,11011,2020,00161383,042700,OFS,재무제표,IS,손익계산서,매출액,제 41 기,2020.01.01 ~ 2020.12.31,"255,740,538,495",제 40 기,2019.01.01 ~ 2019.12.31,"119,171,027,525",제 39 기,2018.01.01 ~ 2018.12.31,"215,756,076,780",24,KRW,한미반도체,042700,2020
20210311000922,11011,2020,00161383,042700,OFS,재무제표,IS,손익계산서,영업이익,제 41 기,2020.01.01 ~ 2020.12.31,"66,007,006,986",제 40 기,2019.01.01 ~ 2019.12.31,"14,391,582,694",제 39 기,2018.01.01 ~ 2018.12.31,"56,013,045,136",26,KRW,한미반도체,042700,2020
20210311000922,11011,2020,00161383,042700,OFS,재무제표,IS,손익계산서,법인세차감전 순이익,제 41 기,2020.01.01 ~ 2020.12.31,"63,207,347,288",제 40 기,2019.01.01 ~ 2019.12.31,"25,975,726,701",제 39 기,2018.01.01 ~ 2018.12.31,"62,663,555,938",28,KRW,한미반도체,042700,2020
20210311000922,11011,2020,00161383,042700,OFS,재무제표,IS,손익계산서,당기순이익(손실),제 41 기,2020.01.01 ~ 2020.12.31,"47,386,518,209",제 40 기,2019.01.01 ~ 2019.12.31,"21,374,600,555",제 39 기,2018.01.01 ~ 2018.12.31,"49,982,527,613",30,KRW,한미반도체,042700,2020
20210311000922,11011,2020,00161383,042700,OFS,재무제표,IS,손익계산서,당기순이익(손실),제 41 기,2020.01.01 ~ 2020.12.31,"47,386,518,209",제 40 기,2019.01.01 ~ 2019.12.31,"21,374,600,555",제 39 기,2018.01.01 ~ 2018.12.31,"49,982,527,613",62,KRW,한미반도체,042700,2020
20220415000576,11011,2021,00161383,042700,CFS,연결재무제표,BS,재무상태표,유동자산,제 42 기,2021.12.31 현재,"249,783,839,880",제 41 기,2020.12.31 현재,"208,937,098,511",제 40 기,2019.12.31 현재,"129,499,857,299",1,KRW,한미반도체,042700,2021
20220415000576,11011,2021,00161383,042700,CFS,연결재무제표,BS,재무상태표,비유동자산,제 42 기,2021.12.31 현재,"179,501,843,547",제 41 기,2020.12.31 현재,"118,029,769,527",제 40 기,2019.12.31 현재,"127,974,824,030",3,KRW,한미반도체,042700,2021
20220415000576,11011,2021,00161383,042700,CFS,연결재무제표,BS,재무상태표,자산총계,제 42 기,2021.12.31 현재,"429,285,683,427",제 41 기,2020.12.31 현재,"326,966,868,038",제 40 기,2019.12.31 현재,"257,474,681,329",5,KRW,한미반도체,042700,2021
20220415000576,11011,2021,00161383,042700,CFS,연결재무제표,BS,재무상태표,유동부채,제 42 기,2021.12.31 현재,"80,692,131,621",제 41 기,2020.12.31 현재,"67,572,880,984",제 40 기,2019.12.31 현재,"31,765,712,250",7,KRW,한미반도체,042700,2021
20220415000576,11011,2021,00161383,042700,CFS,연결재무제표,BS,재무상태표,비유동부채,제 42 기,2021.12.31 현재,"1,781,509,529",제 41 기,2020.12.31 현재,"2,303,444,251",제 40 기,2019.12.31 현재,"6,003,767,275",9,KRW,한미반도체,042700,2021
20220415000576,11011,2021,00161383,042700,CFS,연결재무제표,BS,재무상태표,부채총계,제 42 기,2021.12.31 현재,"82,473,641,150",제 41 기,2020.12.31 현재,"69,876,325,235",제 40 기,2019.12.31 현재,"37,769,479,525",11,KRW,한미반도체,042700,2021
20220415000576,11011,2021,00161383,042700,CFS,연결재무제표,BS,재무상태표,자본금,제 42 기,2021.12.31 현재,"12,716,420,500",제 41 기,2020.12.31 현재,"12,716,420,500",제 40 기,2019.12.31 현재,"12,716,420,500",13,KRW,한미반도체,042700,2021
20220415000576,11011,2021,00161383,042700,CFS,연결재무제표,BS,재무상태표,이익잉여금,제 42 기,2021.12.31 현재,"282,619,540,445",제 41 기,2020.12.31 현재,"215,235,788,066",제 40 기,2019.12.31 현재,"208,881,643,066",17,KRW,한미반도체,042700,2021
20220415000576,11011,2021,00161383,042700,CFS,연결재무제표,BS,재무상태표,자본총계,제 42 기,2021.12.31 현재,"346,812,042,277",제 41 기,2020.12.31 현재,"257,090,542,803",제 40 기,2019.12.31 현재,"219,705,201,804",21,KRW,한미반도체,042700,2021
20220415000576,11011,2021,00161383,042700,CFS,연결재무제표,IS,손익계산서,매출액,제 42 기,2021.01.01 ~ 2021.12.31,"373,169,401,913",제 41 기,2020.01.01 ~ 2020.12.31,"257,385,897,660",제 40 기,2019.01.01 ~ 2019.12.31,"120,377,520,384",23,KRW,한미반도체,042700,2021
20220415000576,11011,2021,00161383,042700,CFS,연결재무제표,IS,손익계산서,영업이익,제 42 기,2021.01.01 ~ 2021.12.31,"122,419,465,500",제 41 기,2020.01.01 ~ 2020.12.31,"66,649,466,315",제 40 기,2019.01.01 ~ 2019.12.31,"13,725,362,614",25,KRW,한미반도체,042700,2021
20220415000576,11011,2021,00161383,042700,CFS,연결재무제표,IS,손익계산서,법인세차감전 순이익,제 42 기,2021.01.01 ~ 2021.12.31,"136,251,557,490",제 41 기,2020.01.01 ~ 2020.12.31,"65,646,976,995",제 40 기,2019.01.01 ~ 2019.12.31,"24,575,935,343",27,KRW,한미반도체,042700,2021
20220415000576,11011,2021,00161383,042700,CFS,연결재무제표,IS,손익계산서,당기순이익(손실),제 42 기,2021.01.01 ~ 2021.12.31,"104,438,304,265",제 41 기,2020.01.01 ~ 2020.12.31,"50,131,485,364",제 40 기,2019.01.01 ~ 2019.12.31,"19,262,572,161",29,KRW,한미반도체,042700,2021
20220415000576,11011,2021,00161383,042700,CFS,연결재무제표,IS,손익계산서,당기순이익(손실),제 42 기,2021.01.01 ~ 2021.12.31,"104,438,304,265",제 41 기,2020.01.01 ~ 2020.12.31,"50,131,485,364",제 40 기,2019.01.01 ~ 2019.12.31,"19,262,572,161",61,KRW,한미반도체,042700,2021
20220415000576,11011,2021,00161383,042700,OFS,재무제표,BS,재무상태표,유동자산,제 42 기,2021.12.31 현재,"248,086,639,305",제 41 기,2020.12.31 현재,"208,594,111,352",제 40 기,2019.12.31 현재,"129,108,919,657",2,KRW,한미반도체,042700,2021
20220415000576,11011,2021,00161383,042700,OFS,재무제표,BS,재무상태표,비유동자산,제 42 기,2021.12.31 현재,"169,643,588,040",제 41 기,2020.12.31 현재,"113,698,576,467",제 40 기,2019.12.31 현재,"125,892,988,183",4,KRW,한미반도체,042700,2021
20220415000576,11011,2021,00161383,042700,OFS,재무제표,BS,재무상태표,자산총계,제 42 기,2021.12.31 현재,"417,730,227,345",제 41 기,2020.12.31 현재,"322,292,687,819",제 40 기,2019.12.31 현재,"255,001,907,840",6,KRW,한미반도체,042700,2021
20220415000576,11011,2021,00161383,042700,OFS,재무제표,BS,재무상태표,유동부채,제 42 기,2021.12.31 현재,"82,592,561,873",제 41 기,2020.12.31 현재,"68,502,933,557",제 40 기,2019.12.31 현재,"32,206,855,992",8,KRW,한미반도체,042700,2021
20220415000576,11011,2021,00161383,042700,OFS,재무제표,BS,재무상태표,비유동부채,제 42 기,2021.12.31 현재,"1,781,509,529",제 41 기,2020.12.31 현재,"2,296,263,503",제 40 기,2019.12.31 현재,"6,003,046,352",10,KRW,한미반도체,042700,2021
20220415000576,11011,2021,00161383,042700,OFS,재무제표,BS,재무상태표,부채총계,제 42 기,2021.12.31 현재,"84,374,071,402",제 41 기,2020.12.31 현재,"70,799,197,060",제 40 기,2019.12.31 현재,"38,209,902,344",12,KRW,한미반도체,042700,2021
20220415000576,11011,2021,00161383,042700,OFS,재무제표,BS,재무상태표,자본금,제 42 기,2021.12.31 현재,"12,716,420,500",제 41 기,2020.12.31 현재,"12,716,420,500",제 40 기,2019.12.31 현재,"12,716,420,500",15,KRW,한미반도체,042700,2021
20220415000576,11011,2021,00161383,042700,OFS,재무제표,BS,재무상태표,이익잉여금,제 42 기,2021.12.31 현재,"269,022,388,505",제 41 기,2020.12.31 현재,"209,206,742,714",제 40 기,2019.12.31 현재,"205,597,564,869",19,KRW,한미반도체,042700,2021
20220415000576,11011,2021,00161383,042700,OFS,재무제표,BS,재무상태표,자본총계,제 42 기,2021.12.31 현재,"333,356,155,943",제 41 기,2020.12.31 현재,"251,493,490,759",제 40 기,2019.12.31 현재,"216,792,005,496",22,KRW,한미반도체,042700,2021
20220415000576,11011,2021,00161383,042700,OFS,재무제표,IS,손익계산서,매출액,제 42 기,2021.01.01 ~ 2021.12.31,"371,740,896,190",제 41 기,2020.01.01 ~ 2020.12.31,"255,740,538,495",제 40 기,2019.01.01 ~ 2019.12.31,"119,171,027,525",24,KRW,한미반도체,042700,2021
20220415000576,11011,2021,00161383,042700,OFS,재무제표,IS,손익계산서,영업이익,제 42 기,2021.01.01 ~ 2021.12.31,"119,521,542,590",제 41 기,2020.01.01 ~ 2020.12.31,"66,007,006,986",제 40 기,2019.01.01 ~ 2019.12.31,"14,391,582,694",26,KRW,한미반도체,042700,2021
20220415000576,11011,2021,00161383,042700,OFS,재무제표,IS,손익계산서,법인세차감전 순이익,제 42 기,2021.01.01 ~ 2021.12.31,"127,344,739,560",제 41 기,2020.01.01 ~ 2020.12.31,"63,207,347,288",제 40 기,2019.01.01 ~ 2019.12.31,"25,975,726,701",28,KRW,한미반도체,042700,2021
20220415000576,11011,2021,00161383,042700,OFS,재무제표,IS,손익계산서,당기순이익(손실),제 42 기,2021.01.01 ~ 2021.12.31,"96,870,197,677",제 41 기,2020.01.01 ~ 2020.12.31,"47,386,518,209",제 40 기,2019.01.01 ~ 2019.12.31,"21,374,600,555",30,KRW,한미반도체,042700,2021
20220415000576,11011,2021,00161383,042700,OFS,재무제표,IS,손익계산서,당기순이익(손실),제 42 기,2021.01.01 ~ 2021.12.31,"96,870,197,677",제 41 기,2020.01.01 ~ 2020.12.31,"47,386,518,209",제 40 기,2019.01.01 ~ 2019.12.31,"21,374,600,555",62,KRW,한미반도체,042700,2021
20230316001554,11011,2022,00161383,042700,CFS,연결재무제표,BS,재무상태표,유동자산,제 43 기,2022.12.31 현재,"266,177,446,666",제 42 기,2021.12.31 현재,"249,783,839,880",제 41 기,2020.12.31 현재,"208,937,098,511",1,KRW,한미반도체,042700,2022
20230316001554,11011,2022,00161383,042700,CFS,연결재무제표,BS,재무상태표,비유동자산,제 43 기,2022.12.31 현재,"185,867,751,639",제 42 기,2021.12.31 현재,"179,501,843,547",제 41 기,2020.12.31 현재,"118,029,769,527",3,KRW,한미반도체,042700,2022
20230316001554,11011,2022,00161383,042700,CFS,연결재무제표,BS,재무상태표,자산총계,제 43 기,2022.12.31 현재,"455,432,965,985",제 42 기,2021.12.31 현재,"429,285,683,427",제 41 기,2020.12.31 현재,"326,966,868,038",5,KRW,한미반도체,042700,2022
20230316001554,11011,2022,00161383,042700,CFS,연결재무제표,BS,재무상태표,유동부채,제 43 기,2022.12.31 현재,"63,044,830,709",제 42 기,2021.12.31 현재,"80,692,131,621",제 41 기,2020.12.31 현재,"67,572,880,984",7,KRW,한미반도체,042700,2022
20230316001554,11011,2022,00161383,042700,CFS,연결재무제표,BS,재무상태표,비유동부채,제 43 기,2022.12.31 현재,"2,291,379,490",제 42 기,2021.12.31 현재,"1,781,509,529",제 41 기,2020.12.31 현재,"2,303,444,251",9,KRW,한미반도체,042700,2022
20230316001554,11011,2022,00161383,042700,CFS,연결재무제표,BS,재무상태표,부채총계,제 43 기,2022.12.31 현재,"65,336,210,199",제 42 기,2021.12.31 현재,"82,473,641,150",제 41 기,2020.12.31 현재,"69,876,325,235",11,KRW,한미반도체,042700,2022
20230316001554,11011,2022,00161383,042700,CFS,연결재무제표,BS,재무상태표,자본금,제 43 기,2022.12.31 현재,"12,716,420,500",제 42 기,2021.12.31 현재,"12,716,420,500",제 41 기,2020.12.31 현재,"12,716,420,500",13,KRW,한미반도체,042700,2022
20230316001554,11011,2022,00161383,042700,CFS,연결재무제표,BS,재무상태표,이익잉여금,제 43 기,2022.12.31 현재,"325,269,340,929",제 42 기,2021.12.31 현재,"282,619,540,445",제 41 기,2020.12.31 현재,"215,235,788,066",17,KRW,한미반도체,042700,2022
20230316001554,11011,2022,00161383,042700,CFS,연결재무제표,BS,재무상태표,자본총계,제 43 기,2022.12.31 현재,"390,096,755,786",제 42 기,2021.12.31 현재,"346,812,042,277",제 41 기,2020.12.31 현재,"257,090,542,803",21,KRW,한미반도체,042700,2022
20230316001554,11011,2022,00161383,042700,CFS,연결재무제표,IS,손익계산서,매출액,제 43 기,2022.01.01 ~ 2022.12.31,"327,592,058,714",제 42 기,2021.01.01 ~ 2021.12.31,"373,169,401,913",제 41 기,2020.01.01 ~ 2020.12.31,"257,385,897,660",23,KRW,한미반도체,042700,2022
20230316001554,11011,2022,00161383,042700,CFS,연결재무제표,IS,손익계산서,영업이익,제 43 기,2022.01.01 ~ 2022.12.31,"111,859,422,080",제 42 기,2021.01.01 ~ 2021.12.31,"122,419,465,500",제 41 기,2020.01.01 ~ 2020.12.31,"66,649,466,315",25,KRW,한미반도체,042700,2022
20230316001554,11011,2022,00161383,042700,CFS,연결재무제표,IS,손익계산서,법인세차감전 순이익,제 43 기,2022.01.01 ~ 2022.12.31,"127,844,021,017",제 42 기,2021.01.01 ~ 2021.12.31,"136,251,557,490",제 41 기,2020.01.01 ~ 2020.12.31,"65,646,976,995",27,KRW,한미반도체,042700,2022
20230316001554,11011,2022,00161383,042700,CFS,연결재무제표,IS,손익계산서,당기순이익(손실),제 43 기,2022.01.01 ~ 2022.12.31,"92,259,257,411",제 42 기,2021.01.01 ~ 2021.12.31,"104,438,304,265",제 41 기,2020.01.01 ~ 2020.12.31,"50,131,485,364",29,KRW,한미반도체,042700,2022
20230316001554,11011,2022,00161383,042700,CFS,연결재무제표,IS,손익계산서,당기순이익(손실),제 43 기,2022.01.01 ~ 2022.12.31,"92,259,257,411",제 42 기,2021.01.01 ~ 2021.12.31,"104,438,304,265",제 41 기,2020.01.01 ~ 2020.12.31,"50,131,485,364",61,KRW,한미반도체,042700,2022
20230316001554,11011,2022,00161383,042700,OFS,재무제표,BS,재무상태표,유동자산,제 43 기,2022.12.31 현재,"230,566,446,403",제 42 기,2021.12.31 현재,"248,086,639,305",제 41 기,2020.12.31 현재,"208,594,111,352",2,KRW,한미반도체,042700,2022
20230316001554,11011,2022,00161383,042700,OFS,재무제표,BS,재무상태표,비유동자산,제 43 기,2022.12.31 현재,"207,536,288,433",제 42 기,2021.12.31 현재,"169,643,588,040",제 41 기,2020.12.31 현재,"113,698,576,467",4,KRW,한미반도체,042700,2022
20230316001554,11011,2022,00161383,042700,OFS,재무제표,BS,재무상태표,자산총계,제 43 기,2022.12.31 현재,"441,490,502,516",제 42 기,2021.12.31 현재,"417,730,227,345",제 41 기,2020.12.31 현재,"322,292,687,819",6,KRW,한미반도체,042700,2022
20230316001554,11011,2022,00161383,042700,OFS,재무제표,BS,재무상태표,유동부채,제 43 기,2022.12.31 현재,"64,161,165,314",제 42 기,2021.12.31 현재,"82,592,561,873",제 41 기,2020.12.31 현재,"68,502,933,557",8,KRW,한미반도체,042700,2022
20230316001554,11011,2022,00161383,042700,OFS,재무제표,BS,재무상태표,비유동부채,제 43 기,2022.12.31 현재,"2,112,795,286",제 42 기,2021.12.31 현재,"1,781,509,529",제 41 기,2020.12.31 현재,"2,296,263,503",10,KRW,한미반도체,042700,2022
20230316001554,11011,2022,00161383,042700,OFS,재무제표,BS,재무상태표,부채총계,제 43 기,2022.12.31 현재,"66,273,960,600",제 42 기,2021.12.31 현재,"84,374,071,402",제 41 기,2020.12.31 현재,"70,799,197,060",12,KRW,한미반도체,042700,2022
20230316001554,11011,2022,00161383,042700,OFS,재무제표,BS,재무상태표,자본금,제 43 기,2022.12.31 현재,"12,716,420,500",제 42 기,2021.12.31 현재,"12,716,420,500",제 41 기,2020.12.31 현재,"12,716,420,500",15,KRW,한미반도체,042700,2022
20230316001554,11011,2022,00161383,042700,OFS,재무제표,BS,재무상태표,이익잉여금,제 43 기,2022.12.31 현재,"310,882,774,478",제 42 기,2021.12.31 현재,"269,022,388,505",제 41 기,2020.12.31 현재,"209,206,742,714",19,KRW,한미반도체,042700,2022
20230316001554,11011,2022,00161383,042700,OFS,재무제표,BS,재무상태표,자본총계,제 43 기,2022.12.31 현재,"375,216,541,916",제 42 기,2021.12.31 현재,"333,356,155,943",제 41 기,2020.12.31 현재,"251,493,490,759",22,KRW,한미반도체,042700,2022
20230316001554,11011,2022,00161383,042700,OFS,재무제표,IS,손익계산서,매출액,제 43 기,2022.01.01 ~ 2022.12.31,"323,948,862,212",제 42 기,2021.01.01 ~ 2021.12.31,"371,740,896,190",제 41 기,2020.01.01 ~ 2020.12.31,"255,740,538,495",24,KRW,한미반도체,042700,2022
20230316001554,11011,2022,00161383,042700,OFS,재무제표,IS,손익계산서,영업이익,제 43 기,2022.01.01 ~ 2022.12.31,"109,531,251,665",제 42 기,2021.01.01 ~ 2021.12.31,"119,521,542,590",제 41 기,2020.01.01 ~ 2020.12.31,"66,007,006,986",26,KRW,한미반도체,042700,2022
20230316001554,11011,2022,00161383,042700,OFS,재무제표,IS,손익계산서,법인세차감전 순이익,제 43 기,2022.01.01 ~ 2022.12.31,"126,178,452,154",제 42 기,2021.01.01 ~ 2021.12.31,"127,344,739,560",제 41 기,2020.01.01 ~ 2020.12.31,"63,207,347,288",28,KRW,한미반도체,042700,2022
20230316001554,11011,2022,00161383,042700,OFS,재무제표,IS,손익계산서,당기순이익(손실),제 43 기,2022.01.01 ~ 2022.12.31,"91,469,842,900",제 42 기,2021.01.01 ~ 2021.12.31,"96,870,197,677",제 41 기,2020.01.01 ~ 2020.12.31,"47,386,518,209",30,KRW,한미반도체,042700,2022
20230316001554,11011,2022,00161383,042700,OFS,재무제표,IS,손익계산서,당기순이익(손실),제 43 기,2022.01.01 ~ 2022.12.31,"91,469,842,900",제 42 기,2021.01.01 ~ 2021.12.31,"96,870,197,677",제 41 기,2020.01.01 ~ 2020.12.31,"47,386,518,209",62,KRW,한미반도체,042700,2022
20240314001257,11011,2023,00161383,042700,CFS,연결재무제표,BS,재무상태표,유동자산,제 44 기,2023.12.31 현재,"319,391,328,603",제 43 기,2022.12.31 현재,"266,177,446,666",제 42 기,2021.12.31 현재,"249,783,839,880",1,KRW,한미반도체,042700,2023
20240314001257,11011,2023,00161383,042700,CFS,연결재무제표,BS,재무상태표,비유동자산,제 44 기,2023.12.31 현재,"404,447,775,138",제 43 기,2022.12.31 현재,"185,867,751,639",제 42 기,2021.12.31 현재,"179,501,843,547",3,KRW,한미반도체,042700,2023
20240314001257,11011,2023,00161383,042700,CFS,연결재무제표,BS,재무상태표,자산총계,제 44 기,2023.12.31 현재,"723,839,103,741",제 43 기,2022.12.31 현재,"455,432,965,985",제 42 기,2021.12.31 현재,"429,285,683,427",5,KRW,한미반도체,042700,2023
20240314001257,11011,2023,00161383,042700,CFS,연결재무제표,BS,재무상태표,유동부채,제 44 기,2023.12.31 현재,"105,009,650,585",제 43 기,2022.12.31 현재,"63,044,830,709",제 42 기,2021.12.31 현재,"80,692,131,621",7,KRW,한미반도체,042700,2023
20240314001257,11011,2023,00161383,042700,CFS,연결재무제표,BS,재무상태표,비유동부채,제 44 기,2023.12.31 현재,"46,930,828,029",제 43 기,2022.12.31 현재,"2,291,379,490",제 42 기,2021.12.31 현재,"1,781,509,529",9,KRW,한미반도체,042700,2023
20240314001257,11011,2023,00161383,042700,CFS,연결재무제표,BS,재무상태표,부채총계,제 44 기,2023.12.31 현재,"151,940,478,614",제 43 기,2022.12.31 현재,"65,336,210,199",제 42 기,2021.12.31 현재,"82,473,641,150",11,KRW,한미반도체,042700,2023
20240314001257,11011,2023,00161383,042700,CFS,연결재무제표,BS,재무상태표,자본금,제 44 기,2023.12.31 현재,"12,716,420,500",제 43 기,2022.12.31 현재,"12,716,420,500",제 42 기,2021.12.31 현재,"12,716,420,500",13,KRW,한미반도체,042700,2023
20240314001257,11011,2023,00161383,042700,CFS,연결재무제표,BS,재무상태표,이익잉여금,제 44 기,2023.12.31 현재,"532,248,974,169",제 43 기,2022.12.31 현재,"325,269,340,929",제 42 기,2021.12.31 현재,"282,619,540,445",17,KRW,한미반도체,042700,2023
20240314001257,11011,2023,00161383,042700,CFS,연결재무제표,BS,재무상태표,자본총계,제 44 기,2023.12.31 현재,"571,898,625,127",제 43 기,2022.12.31 현재,"390,096,755,786",제 42 기,2021.12.31 현재,"346,812,042,277",21,KRW,한미반도체,042700,2023
20240314001257,11011,2023,00161383,042700,CFS,연결재무제표,IS,손익계산서,매출액,제 44 기,2023.01.01 ~ 2023.12.31,"159,008,528,366",제 43 기,2022.01.01 ~ 2022.12.31,"327,592,058,714",제 42 기,2021.01.01 ~ 2021.12.31,"373,169,401,913",23,KRW,한미반도체,042700,2023
20240314001257,11011,2023,00161383,042700,CFS,연결재무제표,IS,손익계산서,영업이익,제 44 기,2023.01.01 ~ 2023.12.31,"34,571,410,992",제 43 기,2022.01.01 ~ 2022.12.31,"111,859,422,080",제 42 기,2021.01.01 ~ 2021.12.31,"122,419,465,500",25,KRW,한미반도체,042700,2023
20240314001257,11011,2023,00161383,042700,CFS,연결재무제표,IS,손익계산서,법인세차감전 순이익,제 44 기,2023.01.01 ~ 2023.12.31,"345,279,561,787",제 43 기,2022.01.01 ~ 2022.12.31,"127,844,021,017",제 42 기,2021.01.01 ~ 2021.12.31,"136,251,557,490",27,KRW,한미반도체,042700,2023
20240314001257,11011,2023,00161383,042700,CFS,연결재무제표,IS,손익계산서,당기순이익(손실),제 44 기,2023.01.01 ~ 2023.12.31,"267,167,515,858",제 43 기,2022.01.01 ~ 2022.12.31,"92,259,257,411",제 42 기,2021.01.01 ~ 2021.12.31,"104,438,304,265",29,KRW,한미반도체,042700,2023
20240314001257,11011,2023,00161383,042700,CFS,연결재무제표,IS,손익계산서,당기순이익(손실),제 44 기,2023.01.01 ~ 2023.12.31,"267,167,515,858",제 43 기,2022.01.01 ~ 2022.12.31,"92,259,257,411",제 42 기,2021.01.01 ~ 2021.12.31,"104,438,304,265",61,KRW,한미반도체,042700,2023
20240314001257,11011,2023,00161383,042700,CFS,연결재무제표,IS,손익계산서,총포괄손익,제 44 기,2023.01.01 ~ 2023.12.31,"266,416,214,999",제 43 기,2022.01.01 ~ 2022.12.31,"92,956,446,209",제 42 기,2021.01.01 ~ 2021.12.31,"103,860,432,041",63,KRW,한미반도체,042700,2023
20240314001257,11011,2023,00161383,042700,OFS,재무제표,BS,재무상태표,유동자산,제 44 기,2023.12.31 현재,"316,037,370,015",제 43 기,2022.12.31 현재,"230,566,446,403",제 42 기,2021.12.31 현재,"248,086,639,305",2,KRW,한미반도체,042700,2023
20240314001257,11011,2023,00161383,042700,OFS,재무제표,BS,재무상태표,비유동자산,제 44 기,2023.12.31 현재,"427,350,483,723",제 43 기,2022.12.31 현재,"207,536,288,433",제 42 기,2021.12.31 현재,"169,643,588,040",4,KRW,한미반도체,042700,2023
20240314001257,11011,2023,00161383,042700,OFS,재무제표,BS,재무상태표,자산총계,제 44 기,2023.12.31 현재,"743,387,853,738",제 43 기,2022.12.31 현재,"441,490,502,516",제 42 기,2021.12.31 현재,"417,730,227,345",6,KRW,한미반도체,042700,2023
20240314001257,11011,2023,00161383,042700,OFS,재무제표,BS,재무상태표,유동부채,제 44 기,2023.12.31 현재,"104,858,437,423",제 43 기,2022.12.31 현재,"64,161,165,314",제 42 기,2021.12.31 현재,"82,592,561,873",8,KRW,한미반도체,042700,2023
20240314001257,11011,2023,00161383,042700,OFS,재무제표,BS,재무상태표,비유동부채,제 44 기,2023.12.31 현재,"46,777,338,696",제 43 기,2022.12.31 현재,"2,112,795,286",제 42 기,2021.12.31 현재,"1,781,509,529",10,KRW,한미반도체,042700,2023
20240314001257,11011,2023,00161383,042700,OFS,재무제표,BS,재무상태표,부채총계,제 44 기,2023.12.31 현재,"151,635,776,119",제 43 기,2022.12.31 현재,"66,273,960,600",제 42 기,2021.12.31 현재,"84,374,071,402",12,KRW,한미반도체,042700,2023
20240314001257,11011,2023,00161383,042700,OFS,재무제표,BS,재무상태표,자본금,제 44 기,2023.12.31 현재,"12,716,420,500",제 43 기,2022.12.31 현재,"12,716,420,500",제 42 기,2021.12.31 현재,"12,716,420,500",15,KRW,한미반도체,042700,2023
20240314001257,11011,2023,00161383,042700,OFS,재무제표,BS,재무상태표,이익잉여금,제 44 기,2023.12.31 현재,"521,928,885,599",제 43 기,2022.12.31 현재,"310,882,774,478",제 42 기,2021.12.31 현재,"269,022,388,505",19,KRW,한미반도체,042700,2023
20240314001257,11011,2023,00161383,042700,OFS,재무제표,BS,재무상태표,자본총계,제 44 기,2023.12.31 현재,"591,752,077,619",제 43 기,2022.12.31 현재,"375,216,541,916",제 42 기,2021.12.31 현재,"333,356,155,943",22,KRW,한미반도체,042700,2023
20240314001257,11011,2023,00161383,042700,OFS,재무제표,IS,손익계산서,매출액,제 44 기,2023.01.01 ~ 2023.12.31,"157,081,381,666",제 43 기,2022.01.01 ~ 2022.12.31,"323,948,862,212",제 42 기,2021.01.01 ~ 2021.12.31,"371,740,896,190",24,KRW,한미반도체,042700,2023
20240314001257,11011,2023,00161383,042700,OFS,재무제표,IS,손익계산서,영업이익,제 44 기,2023.01.01 ~ 2023.12.31,"37,841,121,161",제 43 기,2022.01.01 ~ 2022.12.31,"109,531,251,665",제 42 기,2021.01.01 ~ 2021.12.31,"119,521,542,590",26,KRW,한미반도체,042700,2023
20240314001257,11011,2023,00161383,042700,OFS,재무제표,IS,손익계산서,법인세차감전 순이익,제 44 기,2023.01.01 ~ 2023.12.31,"350,531,494,340",제 43 기,2022.01.01 ~ 2022.12.31,"126,178,452,154",제 42 기,2021.01.01 ~ 2021.12.31,"127,344,739,560",28,KRW,한미반도체,042700,2023
20240314001257,11011,2023,00161383,042700,OFS,재무제표,IS,손익계산서,당기순이익(손실),제 44 기,2023.01.01 ~ 2023.12.31,"271,233,993,739",제 43 기,2022.01.01 ~ 2022.12.31,"91,469,842,900",제 42 기,2021.01.01 ~ 2021.12.31,"96,870,197,677",30,KRW,한미반도체,042700,2023
20240314001257,11011,2023,00161383,042700,OFS,재무제표,IS,손익계산서,당기순이익(손실),제 44 기,2023.01.01 ~ 2023.12.31,"271,233,993,739",제 43 기,2022.01.01 ~ 2022.12.31,"91,469,842,900",제 42 기,2021.01.01 ~ 2021.12.31,"96,870,197,677",62,KRW,한미반도체,042700,2023
20240314001257,11011,2023,00161383,042700,OFS,재무제표,IS,손익계산서,총포괄손익,제 44 기,2023.01.01 ~ 2023.12.31,"271,178,918,361",제 43 기,2022.01.01 ~ 2022.12.31,"91,532,118,673",제 42 기,2021.01.01 ~ 2021.12.31,"96,001,597,751",64,KRW,한미반도체,042700,2023
20250313001171,11011,2024,00161383,042700,CFS,연결재무제표,BS,재무상태표,유동자산,제 45 기,2024.12.31 현재,"407,791,209,288",제 44 기,2023.12.31 현재,"319,391,328,603",제 43 기,2022.12.31 현재,"266,177,446,666",1,KRW,한미반도체,042700,2024
20250313001171,11011,2024,00161383,042700,CFS,연결재무제표,BS,재무상태표,비유동자산,제 45 기,2024.12.31 현재,"303,081,157,390",제 44 기,2023.12.31 현재,"404,447,775,138",제 43 기,2022.12.31 현재,"185,867,751,639",3,KRW,한미반도체,042700,2024
20250313001171,11011,2024,00161383,042700,CFS,연결재무제표,BS,재무상태표,자산총계,제 45 기,2024.12.31 현재,"710,872,366,678",제 44 기,2023.12.31 현재,"723,839,103,741",제 43 기,2022.12.31 현재,"455,432,965,985",5,KRW,한미반도체,042700,2024
20250313001171,11011,2024,00161383,042700,CFS,연결재무제표,BS,재무상태표,유동부채,제 45 기,2024.12.31 현재,"160,040,613,379",제 44 기,2023.12.31 현재,"105,009,650,585",제 43 기,2022.12.31 현재,"63,044,830,709",7,KRW,한미반도체,042700,2024
20250313001171,11011,2024,00161383,042700,CFS,연결재무제표,BS,재무상태표,비유동부채,제 45 기,2024.12.31 현재,"9,943,889,910",제 44 기,2023.12.31 현재,"46,930,828,029",제 43 기,2022.12.31 현재,"2,291,379,490",9,KRW,한미반도체,042700,2024
20250313001171,11011,2024,00161383,042700,CFS,연결재무제표,BS,재무상태표,부채총계,제 45 기,2024.12.31 현재,"169,984,503,289",제 44 기,2023.12.31 현재,"151,940,478,614",제 43 기,2022.12.31 현재,"65,336,210,199",11,KRW,한미반도체,042700,2024
20250313001171,11011,2024,00161383,042700,CFS,연결재무제표,BS,재무상태표,자본금,제 45 기,2024.12.31 현재,"12,716,420,500",제 44 기,2023.12.31 현재,"12,716,420,500",제 43 기,2022.12.31 현재,"12,716,420,500",13,KRW,한미반도체,042700,2024
20250313001171,11011,2024,00161383,042700,CFS,연결재무제표,BS,재무상태표,이익잉여금,제 45 기,2024.12.31 현재,"610,049,963,397",제 44 기,2023.12.31 현재,"532,248,974,169",제 43 기,2022.12.31 현재,"325,269,340,929",17,KRW,한미반도체,042700,2024
20250313001171,11011,2024,00161383,042700,CFS,연결재무제표,BS,재무상태표,자본총계,제 45 기,2024.12.31 현재,"540,887,863,389",제 44 기,2023.12.31 현재,"571,898,625,127",제 43 기,2022.12.31 현재,"390,096,755,786",21,KRW,한미반도체,042700,2024
20250313001171,11011,2024,00161383,042700,CFS,연결재무제표,IS,손익계산서,매출액,제 45 기,2024.01.01 ~ 2024.12.31,"558,917,191,547",제 44 기,2023.01.01 ~ 2023.12.31,"159,008,528,366",제 43 기,2022.01.01 ~ 2022.12.31,"327,592,058,714",23,KRW,한미반도체,042700,2024
20250313001171,11011,2024,00161383,042700,CFS,연결재무제표,IS,손익계산서,영업이익,제 45 기,2024.01.01 ~ 2024.12.31,"255,391,604,854",제 44 기,2023.01.01 ~ 2023.12.31,"34,571,410,992",제 43 기,2022.01.01 ~ 2022.12.31,"111,859,422,080",25,KRW,한미반도체,042700,2024
20250313001171,11011,2024,00161383,042700,CFS,연결재무제표,IS,손익계산서,법인세차감전 순이익,제 45 기,2024.01.01 ~ 2024.12.31,"198,374,398,621",제 44 기,2023.01.01 ~ 2023.12.31,"345,279,561,787",제 43 기,2022.01.01 ~ 2022.12.31,"127,844,021,017",27,KRW,한미반도체,042700,2024
20250313001171,11011,2024,00161383,042700,CFS,연결재무제표,IS,손익계산서,당기순이익(손실),제 45 기,2024.01.01 ~ 2024.12.31,"152,614,498,001",제 44 기,2023.01.01 ~ 2023.12.31,"267,167,515,858",제 43 기,2022.01.01 ~ 2022.12.31,"92,259,257,411",29,KRW,한미반도체,042700,2024
20250313001171,11011,2024,00161383,042700,CFS,연결재무제표,IS,손익계산서,당기순이익(손실),제 45 기,2024.01.01 ~ 2024.12.31,"152,614,498,001",제 44 기,2023.01.01 ~ 2023.12.31,"267,167,515,858",제 43 기,2022.01.01 ~ 2022.12.31,"92,259,257,411",61,KRW,한미반도체,042700,2024
20250313001171,11011,2024,00161383,042700,CFS,연결재무제표,IS,손익계산서,총포괄손익,제 45 기,2024.01.01 ~ 2024.12.31,"150,500,341,186",제 44 기,2023.01.01 ~ 2023.12.31,"266,416,214,999",제 43 기,2022.01.01 ~ 2022.12.31,"92,956,446,209",63,KRW,한미반도체,042700,2024
20250313001171,11011,2024,00161383,042700,OFS,재무제표,BS,재무상태표,유동자산,제 45 기,2024.12.31 현재,"393,806,353,847",제 44 기,2023.12.31 현재,"316,037,370,015",제 43 기,2022.12.31 현재,"230,566,446,403",2,KRW,한미반도체,042700,2024
20250313001171,11011,2024,00161383,042700,OFS,재무제표,BS,재무상태표,비유동자산,제 45 기,2024.12.31 현재,"426,201,061,504",제 44 기,2023.12.31 현재,"427,350,483,723",제 43 기,2022.12.31 현재,"207,536,288,433",4,KRW,한미반도체,042700,2024
20250313001171,11011,2024,00161383,042700,OFS,재무제표,BS,재무상태표,자산총계,제 45 기,2024.12.31 현재,"820,007,415,351",제 44 기,2023.12.31 현재,"743,387,853,738",제 43 기,2022.12.31 현재,"441,490,502,516",6,KRW,한미반도체,042700,2024
20250313001171,11011,2024,00161383,042700,OFS,재무제표,BS,재무상태표,유동부채,제 45 기,2024.12.31 현재,"158,013,671,280",제 44 기,2023.12.31 현재,"104,858,437,423",제 43 기,2022.12.31 현재,"64,161,165,314",8,KRW,한미반도체,042700,2024
20250313001171,11011,2024,00161383,042700,OFS,재무제표,BS,재무상태표,비유동부채,제 45 기,2024.12.31 현재,"9,717,916,151",제 44 기,2023.12.31 현재,"46,777,338,696",제 43 기,2022.12.31 현재,"2,112,795,286",10,KRW,한미반도체,042700,2024
20250313001171,11011,2024,00161383,042700,OFS,재무제표,BS,재무상태표,부채총계,제 45 기,2024.12.31 현재,"167,731,587,431",제 44 기,2023.12.31 현재,"151,635,776,119",제 43 기,2022.12.31 현재,"66,273,960,600",12,KRW,한미반도체,042700,2024
20250313001171,11011,2024,00161383,042700,OFS,재무제표,BS,재무상태표,자본금,제 45 기,2024.12.31 현재,"12,716,420,500",제 44 기,2023.12.31 현재,"12,716,420,500",제 43 기,2022.12.31 현재,"12,716,420,500",15,KRW,한미반도체,042700,2024
20250313001171,11011,2024,00161383,042700,OFS,재무제표,BS,재무상태표,이익잉여금,제 45 기,2024.12.31 현재,"599,520,589,436",제 44 기,2023.12.31 현재,"521,928,885,599",제 43 기,2022.12.31 현재,"310,882,774,478",19,KRW,한미반도체,042700,2024
20250313001171,11011,2024,00161383,042700,OFS,재무제표,BS,재무상태표,자본총계,제 45 기,2024.12.31 현재,"652,275,827,920",제 44 기,2023.12.31 현재,"591,752,077,619",제 43 기,2022.12.31 현재,"375,216,541,916",22,KRW,한미반도체,042700,2024
20250313001171,11011,2024,00161383,042700,OFS,재무제표,IS,손익계산서,매출액,제 45 기,2024.01.01 ~ 2024.12.31,"555,547,131,225",제 44 기,2023.01.01 ~ 2023.12.31,"157,081,381,666",제 43 기,2022.01.01 ~ 2022.12.31,"323,948,862,212",24,KRW,한미반도체,042700,2024
20250313001171,11011,2024,00161383,042700,OFS,재무제표,IS,손익계산서,영업이익,제 45 기,2024.01.01 ~ 2024.12.31,"255,609,648,684",제 44 기,2023.01.01 ~ 2023.12.31,"37,841,121,161",제 43 기,2022.01.01 ~ 2022.12.31,"109,531,251,665",26,KRW,한미반도체,042700,2024
20250313001171,11011,2024,00161383,042700,OFS,재무제표,IS,손익계산서,법인세차감전 순이익,제 45 기,2024.01.01 ~ 2024.12.31,"198,091,607,285",제 44 기,2023.01.01 ~ 2023.12.31,"350,531,494,340",제 43 기,2022.01.01 ~ 2022.12.31,"126,178,452,154",28,KRW,한미반도체,042700,2024
20250313001171,11011,2024,00161383,042700,OFS,재무제표,IS,손익계산서,당기순이익(손실),제 45 기,2024.01.01 ~ 2024.12.31,"152,405,212,610",제 44 기,2023.01.01 ~ 2023.12.31,"271,233,993,739",제 43 기,2022.01.01 ~ 2022.12.31,"91,469,842,900",30,KRW,한미반도체,042700,2024
20250313001171,11011,2024,00161383,042700,OFS,재무제표,IS,손익계산서,당기순이익(손실),제 45 기,2024.01.01 ~ 2024.12.31,"152,405,212,610",제 44 기,2023.01.01 ~ 2023.12.31,"271,233,993,739",제 43 기,2022.01.01 ~ 2022.12.31,"91,469,842,900",62,KRW,한미반도체,042700,2024
20250313001171,11011,2024,00161383,042700,OFS,재무제표,IS,손익계산서,총포괄손익,제 45 기,2024.01.01 ~ 2024.12.31,"150,050,424,325",제 44 기,2023.01.01 ~ 2023.12.31,"271,178,918,361",제 43 기,2022.01.01 ~ 2022.12.31,"91,532,118,673",64,KRW,한미반도체,042700,2024
