날짜,원달러환율,CD91일금리,국고채3년금리,회사채3년AA금리
2015-01-02,1099.2,2.13,2.135,2.464
2015-01-05,1102.6,2.13,2.118,2.446
2015-01-06,1108.7,2.13,2.079,2.408
2015-01-07,1103.9,2.13,2.076,2.408
2015-01-08,1099.7,2.13,2.072,2.403
2015-01-09,1098.5,2.13,2.056,2.391
2015-01-12,1092.2,2.13,2.006,2.339
2015-01-13,1083.0,2.13,2.024,2.343
2015-01-14,1081.5,2.13,1.974,2.296
2015-01-15,1079.9,2.13,2.044,2.362
2015-01-16,1084.1,2.13,2.012,2.33
2015-01-19,1077.3,2.13,2.038,2.359
2015-01-20,1079.8,2.13,2.031,2.346
2015-01-21,1084.4,2.13,2.045,2.361
2015-01-22,1086.8,2.13,2.063,2.377
2015-01-23,1085.3,2.13,2.027,2.333
2015-01-26,1084.1,2.13,2.024,2.322
2015-01-27,1079.3,2.13,2.029,2.325
2015-01-28,1082.1,2.12,2.004,2.303
2015-01-29,1082.9,2.12,1.998,2.296
2015-01-30,1090.8,2.12,1.97,2.274
2015-02-02,1095.9,2.12,1.985,2.28
2015-02-03,1101.2,2.12,1.935,2.241
2015-02-04,1098.3,2.12,1.961,2.258
2015-02-05,1089.2,2.12,1.975,2.266
2015-02-06,1089.2,2.12,1.962,2.251
2015-02-09,1088.3,2.12,1.977,2.264
2015-02-10,1097.0,2.12,2.056,2.321
2015-02-11,1090.8,2.12,2.051,2.318
2015-02-12,1096.9,2.12,2.075,2.34
2015-02-13,1107.5,2.12,2.05,2.321
2015-02-16,1098.4,2.12,2.091,2.356
2015-02-17,1098.7,2.12,2.054,2.323
2015-02-23,1101.3,2.12,2.061,2.332
2015-02-24,1109.8,2.1,2.063,2.334
2015-02-25,1108.6,2.1,2.037,2.307
2015-02-26,1102.5,2.1,2.04,2.302
2015-02-27,1099.2,2.1,2.034,2.291
2015-03-02,1099.5,2.1,2.0,2.263
2015-03-03,1102.5,2.1,1.99,2.258
2015-03-04,1100.0,2.1,1.98,2.25
2015-03-05,1096.5,2.1,1.978,2.246
2015-03-06,1100.1,2.1,1.943,2.214
2015-03-09,1099.5,2.1,1.924,2.202
2015-03-10,1110.3,2.1,1.937,2.206
2015-03-11,1119.5,2.1,1.907,2.166
2015-03-12,1126.6,1.91,1.896,2.154
2015-03-13,1130.9,1.9,1.869,2.129
2015-03-16,1125.6,1.89,1.856,2.115
2015-03-17,1133.9,1.88,1.872,2.126
2015-03-18,1130.1,1.87,1.859,2.114
2015-03-19,1126.6,1.87,1.825,2.083
2015-03-20,1114.0,1.86,1.797,2.062
2015-03-23,1121.7,1.86,1.793,2.058
2015-03-24,1115.9,1.86,1.795,2.055
2015-03-25,1107.1,1.86,1.785,2.045
2015-03-26,1102.7,1.86,1.779,2.043
2015-03-27,1104.2,1.86,1.77,2.03
2015-03-30,1104.3,1.85,1.748,2.011
2015-03-31,1105.0,1.85,1.721,1.992
2015-04-01,1109.4,1.85,1.72,1.99
2015-04-02,1103.8,1.85,1.721,1.988
2015-04-03,1098.0,1.85,1.714,1.98
2015-04-06,1094.6,1.85,1.714,1.971
2015-04-07,1086.0,1.83,1.721,1.975
2015-04-08,1089.7,1.83,1.727,1.978
2015-04-09,1093.4,1.82,1.698,1.951
2015-04-10,1093.9,1.8,1.714,1.963
2015-04-13,1094.6,1.8,1.732,1.975
2015-04-14,1096.6,1.8,1.731,1.978
2015-04-15,1096.8,1.8,1.721,1.972
2015-04-16,1096.0,1.8,1.724,1.976
2015-04-17,1089.0,1.8,1.691,1.944
2015-04-20,1085.1,1.8,1.693,1.948
2015-04-21,1082.7,1.8,1.71,1.958
2015-04-22,1083.5,1.8,1.71,1.959
2015-04-23,1081.8,1.8,1.745,1.983
2015-04-24,1083.2,1.8,1.771,2.008
2015-04-27,1079.0,1.8,1.786,2.019
2015-04-28,1074.5,1.8,1.829,2.062
2015-04-29,1070.9,1.8,1.842,2.079
2015-04-30,1068.1,1.8,1.843,2.08
2015-05-04,1069.5,1.8,1.896,2.131
2015-05-06,1080.5,1.8,1.969,2.193
2015-05-07,1081.0,1.8,1.966,2.189
2015-05-08,1086.6,1.8,1.888,2.109
2015-05-11,1091.3,1.8,1.876,2.103
2015-05-12,1089.9,1.8,1.942,2.177
2015-05-13,1096.2,1.8,1.864,2.107
2015-05-14,1094.9,1.8,1.857,2.098
2015-05-15,1093.6,1.8,1.881,2.121
2015-05-18,1089.2,1.8,1.889,2.129
2015-05-19,1085.5,1.8,1.903,2.142
2015-05-20,1090.9,1.8,1.878,2.119
2015-05-21,1095.2,1.8,1.88,2.122
2015-05-22,1094.4,1.8,1.871,2.114
2015-05-26,1090.8,1.8,1.846,2.095
2015-05-27,1098.4,1.8,1.809,2.062
2015-05-28,1107.0,1.8,1.798,2.054
2015-05-29,1108.0,1.8,1.745,2.006
2015-06-01,1107.6,1.8,1.746,2.008
2015-06-02,1111.6,1.8,1.726,1.991
2015-06-03,1114.5,1.8,1.757,2.018
2015-06-04,1106.0,1.8,1.767,2.027
2015-06-05,1109.9,1.8,1.741,2.0
2015-06-08,1112.1,1.8,1.729,1.993
2015-06-09,1121.5,1.8,1.733,1.99
2015-06-10,1119.3,1.8,1.773,2.011
2015-06-11,1117.3,1.65,1.797,2.035
2015-06-12,1110.4,1.65,1.762,2.003
2015-06-15,1111.9,1.65,1.764,2.0
2015-06-16,1116.2,1.65,1.766,2.001
2015-06-17,1117.3,1.65,1.8,2.03
2015-06-18,1117.6,1.65,1.778,2.013
2015-06-19,1109.9,1.65,1.77,1.998
2015-06-22,1104.0,1.65,1.787,2.015
2015-06-23,1099.9,1.65,1.795,2.02
2015-06-24,1104.1,1.65,1.806,2.028
2015-06-25,1108.4,1.65,1.814,2.031
2015-06-26,1109.6,1.65,1.818,2.03
2015-06-29,1115.1,1.65,1.793,2.009
2015-06-30,1124.1,1.65,1.793,2.007
2015-07-01,1118.3,1.65,1.805,2.019
2015-07-02,1118.5,1.65,1.828,2.042
2015-07-03,1123.2,1.65,1.826,2.037
2015-07-06,1120.1,1.65,1.829,2.033
2015-07-07,1126.3,1.65,1.825,2.031
2015-07-08,1129.6,1.65,1.807,2.015
2015-07-09,1135.7,1.65,1.802,2.017
2015-07-10,1136.2,1.65,1.806,2.023
2015-07-13,1130.0,1.65,1.804,2.021
2015-07-14,1131.5,1.65,1.796,2.017
2015-07-15,1139.4,1.65,1.795,2.015
2015-07-16,1141.5,1.65,1.789,2.012
2015-07-17,1148.4,1.65,1.784,2.008
2015-07-20,1146.3,1.65,1.775,2.002
2015-07-21,1151.9,1.65,1.771,2.0
2015-07-22,1158.4,1.65,1.749,1.983
2015-07-23,1152.6,1.65,1.716,1.955
2015-07-24,1162.3,1.65,1.706,1.945
2015-07-27,1164.6,1.64,1.703,1.942
2015-07-28,1168.9,1.64,1.731,1.969
2015-07-29,1166.2,1.64,1.716,1.959
2015-07-30,1157.9,1.64,1.735,1.979
2015-07-31,1166.3,1.64,1.768,2.01
2015-08-03,1169.4,1.64,1.76,2.0
2015-08-04,1165.2,1.64,1.774,2.01
2015-08-05,1169.3,1.64,1.792,2.026
2015-08-06,1172.1,1.64,1.786,2.019
2015-08-07,1170.2,1.64,1.783,2.017
2015-08-10,1164.3,1.64,1.763,1.996
2015-08-11,1165.3,1.64,1.737,1.977
2015-08-12,1170.4,1.64,1.705,1.945
2015-08-13,1190.3,1.64,1.729,1.971
2015-08-17,1174.2,1.64,1.723,1.968
2015-08-18,1182.2,1.64,1.716,1.96
2015-08-19,1184.7,1.64,1.73,1.974
2015-08-20,1185.1,1.64,1.714,1.962
2015-08-21,1185.1,1.64,1.709,1.959
2015-08-24,1192.0,1.64,1.693,1.947
2015-08-25,1198.1,1.64,1.708,1.963
2015-08-26,1194.6,1.64,1.719,1.975
2015-08-27,1188.9,1.64,1.705,1.965
2015-08-28,1184.3,1.64,1.718,1.978
2015-08-31,1176.3,1.63,1.735,1.994
2015-09-01,1183.0,1.63,1.725,1.989
2015-09-02,1175.6,1.61,1.696,1.965
2015-09-03,1178.0,1.61,1.674,1.949
2015-09-04,1187.6,1.6,1.645,1.925
2015-09-07,1191.0,1.6,1.651,1.93
2015-09-08,1202.0,1.6,1.668,1.947
2015-09-09,1203.1,1.6,1.68,1.962
2015-09-10,1192.0,1.6,1.65,1.94
2015-09-11,1195.8,1.6,1.655,1.949
2015-09-14,1183.8,1.6,1.667,1.964
2015-09-15,1181.0,1.6,1.653,1.952
2015-09-16,1182.4,1.6,1.67,1.97
2015-09-17,1179.4,1.6,1.683,1.982
2015-09-18,1169.7,1.6,1.635,1.94
2015-09-21,1166.7,1.6,1.617,1.925
2015-09-22,1173.0,1.6,1.624,1.931
2015-09-23,1177.2,1.6,1.619,1.928
2015-09-24,1187.5,1.6,1.63,1.942
2015-09-25,1191.8,1.6,1.615,1.93
2015-09-30,1194.5,1.59,1.568,1.893
2015-10-01,1190.4,1.59,1.596,1.922
2015-10-02,1179.0,1.59,1.584,1.911
2015-10-05,1180.5,1.59,1.577,1.904
2015-10-06,1172.1,1.59,1.591,1.919
2015-10-07,1164.8,1.59,1.614,1.942
2015-10-08,1165.2,1.59,1.615,1.943
2015-10-12,1159.4,1.59,1.646,1.976
2015-10-13,1147.4,1.58,1.638,1.968
2015-10-14,1147.5,1.57,1.657,1.98
2015-10-15,1150.1,1.57,1.623,1.955
2015-10-16,1133.7,1.57,1.622,1.956
2015-10-19,1128.9,1.57,1.622,1.96
2015-10-20,1125.3,1.57,1.64,1.977
2015-10-21,1130.1,1.57,1.649,1.985
2015-10-22,1131.3,1.57,1.654,1.992
2015-10-23,1138.2,1.57,1.65,1.991
2015-10-26,1127.4,1.57,1.645,1.989
2015-10-27,1134.1,1.57,1.63,1.976
2015-10-28,1131.2,1.57,1.626,1.975
2015-10-29,1132.9,1.57,1.641,1.988
2015-10-30,1142.3,1.57,1.657,2.003
2015-11-02,1138.6,1.57,1.658,2.006
2015-11-03,1140.1,1.57,1.665,2.019
2015-11-04,1133.4,1.57,1.677,2.032
2015-11-05,1129.5,1.57,1.691,2.047
2015-11-06,1137.1,1.57,1.729,2.083
2015-11-09,1138.6,1.57,1.803,2.157
2015-11-10,1154.1,1.57,1.781,2.137
2015-11-11,1158.2,1.57,1.798,2.157
2015-11-12,1154.8,1.58,1.787,2.151
2015-11-13,1154.5,1.58,1.778,2.145
2015-11-16,1161.3,1.58,1.749,2.119
2015-11-17,1172.7,1.58,1.758,2.129
2015-11-18,1169.2,1.58,1.752,2.123
2015-11-19,1173.4,1.58,1.736,2.109
2015-11-20,1164.2,1.58,1.762,2.134
2015-11-23,1156.9,1.59,1.761,2.137
2015-11-24,1157.9,1.59,1.767,2.145
2015-11-25,1155.6,1.59,1.769,2.147
2015-11-26,1145.1,1.62,1.778,2.157
2015-11-27,1145.7,1.62,1.798,2.179
2015-11-30,1150.4,1.66,1.785,2.168
2015-12-01,1157.7,1.67,1.772,2.162
2015-12-02,1158.1,1.67,1.762,2.156
2015-12-03,1159.3,1.67,1.755,2.15
2015-12-04,1167.4,1.67,1.781,2.178
2015-12-07,1156.8,1.67,1.787,2.182
2015-12-08,1166.4,1.67,1.763,2.167
2015-12-09,1176.0,1.67,1.762,2.166
2015-12-10,1178.2,1.67,1.745,2.155
2015-12-11,1177.5,1.67,1.748,2.162
2015-12-14,1179.7,1.67,1.732,2.154
2015-12-15,1186.1,1.67,1.733,2.156
2015-12-16,1182.9,1.67,1.748,2.172
2015-12-17,1178.2,1.67,1.726,2.153
2015-12-18,1178.9,1.67,1.693,2.128
2015-12-21,1184.3,1.67,1.658,2.102
2015-12-22,1178.2,1.67,1.672,2.119
2015-12-23,1176.1,1.67,1.668,2.115
2015-12-24,1171.7,1.67,1.662,2.112
2015-12-28,1171.0,1.67,1.677,2.121
2015-12-29,1165.0,1.67,1.655,2.106
2015-12-30,1167.7,1.67,1.662,2.113
2015-12-31,1172.0,1.67,1.662,2.113
2016-01-04,1172.0,1.67,1.634,2.093
2016-01-05,1184.3,1.67,1.643,2.103
2016-01-06,1187.7,1.67,1.639,2.099
2016-01-07,1193.9,1.67,1.639,2.097
2016-01-08,1199.7,1.67,1.665,2.121
2016-01-11,1196.2,1.67,1.635,2.094
2016-01-12,1208.6,1.67,1.638,2.097
2016-01-13,1208.5,1.67,1.633,2.094
2016-01-14,1206.4,1.67,1.648,2.106
2016-01-15,1212.7,1.67,1.648,2.106
2016-01-18,1211.0,1.67,1.646,2.107
2016-01-19,1212.5,1.67,1.644,2.108
2016-01-20,1209.9,1.67,1.617,2.083
2016-01-21,1211.6,1.67,1.611,2.077
2016-01-22,1209.9,1.67,1.621,2.087
2016-01-25,1203.2,1.65,1.621,2.088
2016-01-26,1194.4,1.65,1.599,2.067
2016-01-27,1201.4,1.65,1.604,2.072
2016-01-28,1201.0,1.65,1.618,2.085
2016-01-29,1208.4,1.65,1.564,2.038
2016-02-01,1206.2,1.65,1.525,2.0
2016-02-02,1204.5,1.65,1.516,1.993
2016-02-03,1203.1,1.65,1.496,1.968
2016-02-04,1216.7,1.65,1.494,1.964
2016-02-05,1202.7,1.65,1.506,1.975
2016-02-11,1195.1,1.64,1.45,1.915
2016-02-12,1197.0,1.64,1.475,1.94
2016-02-15,1206.5,1.64,1.484,1.955
2016-02-16,1209.9,1.63,1.431,1.909
2016-02-17,1216.6,1.63,1.435,1.915
2016-02-18,1224.8,1.63,1.451,1.93
2016-02-19,1225.7,1.63,1.468,1.944
2016-02-22,1233.9,1.63,1.48,1.959
2016-02-23,1233.2,1.63,1.481,1.96
2016-02-24,1230.1,1.63,1.469,1.95
2016-02-25,1234.8,1.63,1.464,1.948
2016-02-26,1236.1,1.63,1.452,1.938
2016-02-29,1235.4,1.63,1.454,1.939
2016-03-02,1240.9,1.63,1.469,1.953
2016-03-03,1232.7,1.63,1.504,1.986
2016-03-04,1218.9,1.63,1.522,2.001
2016-03-07,1208.5,1.63,1.502,1.983
2016-03-08,1200.7,1.63,1.481,1.966
2016-03-09,1205.2,1.63,1.47,1.955
2016-03-10,1214.5,1.63,1.5,1.977
2016-03-11,1208.8,1.63,1.55,2.027
2016-03-14,1200.1,1.63,1.532,2.014
2016-03-15,1186.5,1.63,1.533,2.014
2016-03-16,1189.2,1.63,1.542,2.023
2016-03-17,1192.7,1.63,1.515,1.994
2016-03-18,1174.5,1.63,1.499,1.981
2016-03-21,1161.3,1.63,1.496,1.974
2016-03-22,1165.3,1.63,1.512,1.99
2016-03-23,1159.5,1.63,1.512,1.992
2016-03-24,1158.8,1.63,1.5,1.981
2016-03-25,1167.1,1.63,1.495,1.972
2016-03-28,1169.4,1.61,1.479,1.962
2016-03-29,1169.6,1.61,1.449,1.934
2016-03-30,1163.0,1.61,1.45,1.934
2016-03-31,1153.5,1.61,1.444,1.932
2016-04-01,1144.5,1.61,1.448,1.932
2016-04-04,1148.9,1.61,1.44,1.923
2016-04-05,1147.8,1.61,1.453,1.93
2016-04-06,1155.0,1.61,1.458,1.934
2016-04-07,1155.9,1.61,1.468,1.943
2016-04-08,1154.5,1.61,1.463,1.938
2016-04-11,1156.5,1.61,1.466,1.938
2016-04-12,1149.2,1.61,1.465,1.938
2016-04-14,1144.7,1.61,1.502,1.972
2016-04-15,1153.4,1.61,1.494,1.965
2016-04-18,1150.7,1.61,1.507,1.975
2016-04-19,1151.1,1.61,1.501,1.969
2016-04-20,1140.5,1.61,1.474,1.941
2016-04-21,1132.3,1.61,1.483,1.951
2016-04-22,1134.9,1.61,1.472,1.944
2016-04-25,1141.1,1.61,1.455,1.929
2016-04-26,1149.7,1.61,1.452,1.924
2016-04-27,1149.7,1.61,1.456,1.923
2016-04-28,1145.9,1.61,1.45,1.914
2016-04-29,1143.9,1.61,1.453,1.915
2016-05-02,1138.1,1.61,1.465,1.925
2016-05-03,1140.8,1.61,1.445,1.909
2016-05-04,1137.1,1.61,1.434,1.895
2016-05-09,1153.5,1.61,1.413,1.879
2016-05-10,1164.7,1.6,1.412,1.877
2016-05-11,1174.0,1.6,1.417,1.875
2016-05-12,1168.1,1.6,1.422,1.878
2016-05-13,1164.1,1.6,1.442,1.892
2016-05-16,1169.4,1.58,1.443,1.894
2016-05-17,1178.6,1.58,1.455,1.905
2016-05-18,1173.3,1.58,1.472,1.92
2016-05-19,1180.9,1.56,1.492,1.941
2016-05-20,1190.8,1.56,1.471,1.925
2016-05-23,1188.4,1.56,1.467,1.924
2016-05-24,1183.1,1.56,1.444,1.904
2016-05-25,1188.6,1.56,1.461,1.917
2016-05-26,1185.8,1.56,1.468,1.92
2016-05-27,1181.0,1.56,1.468,1.92
2016-05-30,1179.3,1.56,1.503,1.951
2016-05-31,1190.6,1.56,1.496,1.949
2016-06-01,1190.5,1.56,1.438,1.89
2016-06-02,1192.2,1.56,1.443,1.894
2016-06-03,1189.6,1.56,1.423,1.876
2016-06-07,1186.5,1.56,1.405,1.855
2016-06-08,1163.2,1.56,1.378,1.833
2016-06-09,1156.5,1.39,1.345,1.8
2016-06-10,1155.8,1.39,1.322,1.79
2016-06-13,1163.1,1.39,1.311,1.78
2016-06-14,1172.8,1.39,1.337,1.803
2016-06-15,1172.5,1.39,1.339,1.8
2016-06-16,1176.3,1.39,1.318,1.779
2016-06-17,1170.1,1.39,1.334,1.793
2016-06-20,1170.8,1.39,1.359,1.817
2016-06-21,1163.2,1.39,1.343,1.803
2016-06-22,1158.2,1.39,1.355,1.815
2016-06-23,1155.7,1.39,1.337,1.797
2016-06-24,1151.2,1.37,1.249,1.7
2016-06-27,1168.5,1.37,1.236,1.68
2016-06-28,1183.3,1.37,1.248,1.688
2016-06-29,1175.9,1.37,1.238,1.677
2016-06-30,1164.7,1.37,1.247,1.689
2016-07-01,1152.6,1.37,1.21,1.653
2016-07-04,1147.5,1.37,1.224,1.662
2016-07-05,1148.1,1.37,1.217,1.657
2016-07-06,1153.0,1.37,1.203,1.643
2016-07-07,1165.8,1.36,1.208,1.645
2016-07-08,1156.6,1.36,1.216,1.648
2016-07-11,1159.2,1.36,1.213,1.644
2016-07-12,1147.8,1.36,1.217,1.649
2016-07-13,1149.3,1.36,1.211,1.646
2016-07-14,1145.7,1.36,1.205,1.64
2016-07-15,1141.8,1.36,1.221,1.652
2016-07-18,1132.7,1.36,1.229,1.661
2016-07-19,1136.3,1.36,1.227,1.657
2016-07-20,1138.4,1.36,1.221,1.654
2016-07-21,1140.8,1.36,1.233,1.665
2016-07-22,1140.2,1.36,1.227,1.655
2016-07-25,1135.0,1.36,1.225,1.655
2016-07-26,1136.9,1.36,1.22,1.65
2016-07-27,1138.4,1.36,1.222,1.649
2016-07-28,1134.1,1.36,1.203,1.63
2016-07-29,1125.7,1.36,1.216,1.642
2016-08-01,1122.4,1.36,1.212,1.637
2016-08-02,1111.0,1.36,1.212,1.638
2016-08-03,1108.9,1.36,1.247,1.658
2016-08-04,1114.0,1.36,1.238,1.651
2016-08-05,1113.8,1.36,1.225,1.64
2016-08-08,1111.3,1.36,1.246,1.658
2016-08-09,1112.7,1.36,1.247,1.656
2016-08-10,1107.2,1.36,1.215,1.628
2016-08-11,1096.1,1.35,1.222,1.632
2016-08-12,1098.6,1.35,1.23,1.638
2016-08-16,1101.1,1.35,1.219,1.628
2016-08-17,1095.0,1.35,1.233,1.641
2016-08-18,1102.3,1.34,1.228,1.633
2016-08-19,1106.4,1.34,1.231,1.635
2016-08-22,1115.2,1.34,1.232,1.638
2016-08-23,1125.3,1.34,1.228,1.632
2016-08-24,1117.4,1.34,1.229,1.632
2016-08-25,1121.6,1.34,1.236,1.637
2016-08-26,1119.0,1.34,1.241,1.64
2016-08-29,1113.9,1.34,1.272,1.668
2016-08-30,1125.2,1.34,1.283,1.671
2016-08-31,1118.5,1.34,1.308,1.694
2016-09-01,1117.4,1.34,1.333,1.713
2016-09-02,1119.3,1.34,1.326,1.708
2016-09-05,1117.6,1.34,1.307,1.693
2016-09-06,1108.2,1.34,1.3,1.687
2016-09-07,1105.0,1.34,1.278,1.666
2016-09-08,1093.2,1.34,1.288,1.675
2016-09-09,1093.2,1.34,1.328,1.706
2016-09-12,1099.5,1.34,1.356,1.735
2016-09-13,1110.6,1.34,1.35,1.733
2016-09-19,1112.3,1.34,1.345,1.734
2016-09-20,1120.0,1.34,1.336,1.728
2016-09-21,1119.5,1.34,1.327,1.722
2016-09-22,1116.8,1.34,1.296,1.696
2016-09-23,1103.1,1.34,1.303,1.7
2016-09-26,1104.2,1.34,1.308,1.706
2016-09-27,1106.9,1.34,1.305,1.706
2016-09-28,1103.5,1.34,1.304,1.704
2016-09-29,1095.7,1.34,1.297,1.701
2016-09-30,1096.3,1.34,1.247,1.669
2016-10-04,1102.0,1.34,1.276,1.694
2016-10-05,1105.1,1.34,1.316,1.727
2016-10-06,1113.8,1.34,1.321,1.732
2016-10-07,1111.3,1.34,1.326,1.737
2016-10-10,1115.7,1.34,1.335,1.75
2016-10-11,1111.0,1.34,1.373,1.783
2016-10-12,1117.2,1.34,1.353,1.774
2016-10-13,1123.3,1.34,1.323,1.749
2016-10-14,1130.5,1.34,1.319,1.75
2016-10-17,1132.9,1.34,1.35,1.78
2016-10-18,1140.3,1.34,1.353,1.78
2016-10-19,1132.3,1.34,1.352,1.78
2016-10-20,1122.8,1.34,1.354,1.781
2016-10-21,1124.0,1.36,1.381,1.804
2016-10-24,1134.5,1.37,1.385,1.808
2016-10-25,1134.5,1.38,1.398,1.824
2016-10-26,1136.5,1.39,1.405,1.829
2016-10-27,1132.4,1.39,1.418,1.835
2016-10-28,1140.2,1.39,1.438,1.856
2016-10-31,1145.2,1.39,1.438,1.852
2016-11-01,1144.6,1.39,1.451,1.868
2016-11-02,1141.8,1.39,1.436,1.854
2016-11-03,1148.7,1.39,1.428,1.85
2016-11-04,1140.6,1.39,1.431,1.852
2016-11-07,1143.4,1.39,1.426,1.848
2016-11-08,1141.6,1.39,1.425,1.844
2016-11-09,1137.5,1.39,1.402,1.823
2016-11-10,1145.8,1.39,1.465,1.884
2016-11-11,1151.0,1.39,1.508,1.924
2016-11-14,1164.4,1.39,1.61,2.013
2016-11-15,1169.8,1.39,1.635,2.025
2016-11-16,1168.8,1.39,1.689,2.074
2016-11-17,1167.2,1.4,1.713,2.097
2016-11-18,1174.4,1.4,1.736,2.132
2016-11-21,1182.3,1.41,1.725,2.132
2016-11-22,1183.6,1.42,1.735,2.141
2016-11-23,1175.5,1.43,1.775,2.172
2016-11-24,1174.9,1.46,1.811,2.215
2016-11-25,1182.4,1.48,1.811,2.219
2016-11-28,1178.9,1.49,1.764,2.18
2016-11-29,1170.3,1.52,1.709,2.152
2016-11-30,1168.5,1.52,1.71,2.152
2016-12-01,1168.0,1.53,1.726,2.175
2016-12-02,1172.6,1.54,1.745,2.194
2016-12-05,1170.5,1.54,1.727,2.177
2016-12-06,1173.8,1.54,1.737,2.189
2016-12-07,1169.5,1.54,1.736,2.188
2016-12-08,1169.4,1.54,1.714,2.167
2016-12-09,1159.1,1.54,1.735,2.187
2016-12-12,1166.2,1.54,1.734,2.197
2016-12-13,1170.2,1.54,1.676,2.153
2016-12-14,1165.5,1.54,1.644,2.125
2016-12-15,1168.3,1.54,1.697,2.169
2016-12-16,1180.1,1.54,1.688,2.159
2016-12-19,1183.4,1.54,1.694,2.164
2016-12-20,1186.4,1.54,1.714,2.172
2016-12-21,1191.2,1.54,1.687,2.156
2016-12-22,1194.2,1.54,1.657,2.14
2016-12-23,1198.0,1.54,1.665,2.149
2016-12-26,1202.9,1.54,1.669,2.155
2016-12-27,1199.4,1.54,1.654,2.147
2016-12-28,1205.3,1.53,1.643,2.135
2016-12-29,1207.6,1.52,1.638,2.128
2016-12-30,1208.5,1.52,1.638,2.128
2017-01-02,1208.5,1.52,1.638,2.12
2017-01-03,1207.8,1.52,1.617,2.097
2017-01-04,1206.2,1.51,1.63,2.095
2017-01-05,1206.7,1.51,1.607,2.072
2017-01-06,1191.6,1.49,1.626,2.086
2017-01-09,1189.1,1.49,1.663,2.115
2017-01-10,1205.5,1.49,1.647,2.098
2017-01-11,1198.7,1.49,1.653,2.105
2017-01-12,1196.4,1.49,1.624,2.075
2017-01-13,1182.8,1.49,1.635,2.089
2017-01-16,1177.7,1.49,1.633,2.092
2017-01-17,1180.5,1.49,1.628,2.083
2017-01-18,1180.9,1.49,1.649,2.102
2017-01-19,1165.6,1.49,1.677,2.135
2017-01-20,1177.1,1.49,1.655,2.117
2017-01-23,1172.5,1.49,1.64,2.104
2017-01-24,1166.7,1.49,1.628,2.093
2017-01-25,1163.6,1.49,1.647,2.111
2017-01-26,1166.2,1.49,1.687,2.151
2017-01-31,1157.8,1.49,1.675,2.14
2017-02-01,1165.5,1.49,1.685,2.151
2017-02-02,1155.2,1.49,1.674,2.139
2017-02-03,1149.2,1.49,1.685,2.149
2017-02-06,1146.8,1.49,1.662,2.126
2017-02-07,1137.7,1.49,1.641,2.105
2017-02-08,1142.1,1.49,1.652,2.112
2017-02-09,1145.4,1.49,1.648,2.109
2017-02-10,1145.7,1.49,1.668,2.127
2017-02-13,1151.4,1.49,1.663,2.123
2017-02-14,1151.9,1.49,1.653,2.113
2017-02-15,1144.5,1.49,1.661,2.126
2017-02-16,1141.6,1.49,1.656,2.121
2017-02-17,1138.9,1.49,1.655,2.121
2017-02-20,1145.3,1.49,1.67,2.135
2017-02-21,1147.6,1.49,1.671,2.137
2017-02-22,1146.8,1.49,1.69,2.155
2017-02-23,1140.9,1.49,1.676,2.141
2017-02-24,1138.8,1.49,1.666,2.133
2017-02-27,1131.0,1.49,1.663,2.129
2017-02-28,1132.1,1.49,1.67,2.138
2017-03-02,1132.3,1.49,1.713,2.18
2017-03-03,1142.0,1.49,1.713,2.182
2017-03-06,1152.7,1.49,1.746,2.217
2017-03-07,1156.1,1.49,1.784,2.257
2017-03-08,1151.2,1.49,1.784,2.256
2017-03-09,1146.6,1.49,1.789,2.265
2017-03-10,1156.1,1.49,1.78,2.258
2017-03-13,1158.2,1.49,1.765,2.248
2017-03-14,1147.7,1.49,1.758,2.244
2017-03-15,1147.3,1.49,1.759,2.247
2017-03-16,1146.3,1.48,1.695,2.196
2017-03-17,1131.7,1.48,1.675,2.187
2017-03-20,1131.4,1.48,1.67,2.188
2017-03-21,1124.5,1.48,1.67,2.187
2017-03-22,1117.5,1.48,1.663,2.179
2017-03-23,1123.8,1.47,1.666,2.184
2017-03-24,1120.0,1.47,1.678,2.199
2017-03-27,1122.7,1.47,1.65,2.174
2017-03-28,1114.2,1.47,1.657,2.18
2017-03-29,1112.5,1.45,1.653,2.179
2017-03-30,1114.0,1.45,1.665,2.186
2017-03-31,1116.1,1.45,1.662,2.183
2017-04-03,1119.3,1.45,1.668,2.184
2017-04-04,1113.8,1.45,1.646,2.161
2017-04-05,1118.9,1.45,1.654,2.169
2017-04-06,1124.0,1.45,1.679,2.192
2017-04-07,1131.0,1.45,1.681,2.198
2017-04-10,1134.6,1.45,1.722,2.234
2017-04-11,1141.6,1.45,1.693,2.205
2017-04-12,1145.8,1.43,1.686,2.199
2017-04-13,1145.2,1.43,1.674,2.187
2017-04-14,1131.9,1.42,1.677,2.19
2017-04-17,1138.8,1.42,1.673,2.187
2017-04-18,1136.5,1.42,1.676,2.191
2017-04-19,1137.9,1.42,1.67,2.185
2017-04-20,1139.8,1.42,1.674,2.191
2017-04-21,1141.4,1.42,1.684,2.202
2017-04-24,1136.6,1.42,1.701,2.22
2017-04-25,1131.7,1.42,1.677,2.203
2017-04-26,1130.5,1.41,1.682,2.207
2017-04-27,1125.1,1.41,1.673,2.199
2017-04-28,1130.1,1.41,1.675,2.2
2017-05-02,1133.4,1.41,1.69,2.216
2017-05-04,1130.7,1.41,1.681,2.206
2017-05-08,1132.1,1.41,1.707,2.231
2017-05-10,1132.4,1.41,1.733,2.256
2017-05-11,1134.5,1.4,1.727,2.252
2017-05-12,1130.4,1.4,1.71,2.237
2017-05-15,1126.8,1.4,1.71,2.237
2017-05-16,1125.4,1.4,1.717,2.24
2017-05-17,1117.7,1.39,1.684,2.207
2017-05-18,1118.4,1.39,1.683,2.207
2017-05-19,1125.2,1.39,1.671,2.195
2017-05-22,1127.5,1.39,1.685,2.211
2017-05-23,1117.1,1.38,1.676,2.202
2017-05-24,1120.6,1.38,1.691,2.216
2017-05-25,1126.6,1.38,1.681,2.207
2017-05-26,1118.0,1.38,1.677,2.204
2017-05-29,1119.5,1.38,1.672,2.202
2017-05-30,1120.1,1.38,1.658,2.189
2017-05-31,1123.9,1.38,1.661,2.193
2017-06-01,1121.8,1.38,1.645,2.179
2017-06-02,1120.4,1.38,1.63,2.166
2017-06-05,1120.9,1.38,1.623,2.158
2017-06-07,1118.4,1.38,1.621,2.157
2017-06-08,1122.0,1.38,1.637,2.173
2017-06-09,1125.0,1.38,1.632,2.17
2017-06-12,1121.6,1.38,1.697,2.225
2017-06-13,1126.0,1.38,1.661,2.194
2017-06-14,1128.9,1.38,1.681,2.213
2017-06-15,1125.6,1.38,1.682,2.212
2017-06-16,1122.8,1.38,1.695,2.227
2017-06-19,1133.0,1.38,1.683,2.216
2017-06-20,1131.4,1.38,1.685,2.218
2017-06-21,1137.0,1.38,1.692,2.225
2017-06-22,1142.2,1.38,1.701,2.235
2017-06-23,1140.8,1.38,1.688,2.223
2017-06-26,1140.1,1.38,1.686,2.222
2017-06-27,1135.2,1.38,1.681,2.218
2017-06-28,1136.4,1.38,1.711,2.246
2017-06-29,1141.7,1.38,1.7,2.241
2017-06-30,1139.6,1.38,1.698,2.24
2017-07-03,1144.0,1.38,1.716,2.256
2017-07-04,1145.0,1.38,1.74,2.28
2017-07-05,1149.3,1.38,1.745,2.285
2017-07-06,1149.3,1.39,1.75,2.29
2017-07-07,1153.5,1.39,1.781,2.318
2017-07-10,1155.8,1.39,1.756,2.295
2017-07-11,1149.9,1.39,1.762,2.3
2017-07-12,1150.1,1.39,1.762,2.299
2017-07-13,1145.6,1.39,1.745,2.28
2017-07-14,1137.5,1.39,1.75,2.285
2017-07-17,1136.0,1.39,1.754,2.292
2017-07-18,1128.2,1.39,1.746,2.285
2017-07-19,1126.3,1.39,1.747,2.285
2017-07-20,1121.8,1.39,1.74,2.279
2017-07-21,1124.9,1.39,1.721,2.262
2017-07-24,1121.2,1.39,1.72,2.259
2017-07-25,1116.1,1.39,1.709,2.248
2017-07-26,1116.1,1.39,1.729,2.264
2017-07-27,1120.3,1.39,1.712,2.25
2017-07-28,1112.5,1.39,1.723,2.257
2017-07-31,1119.1,1.39,1.724,2.26
2017-08-01,1121.9,1.39,1.733,2.271
2017-08-02,1118.0,1.39,1.73,2.27
2017-08-03,1123.2,1.39,1.737,2.276
2017-08-04,1127.6,1.39,1.742,2.279
2017-08-07,1125.4,1.39,1.772,2.307
2017-08-08,1127.3,1.39,1.805,2.331
2017-08-09,1125.4,1.39,1.833,2.363
2017-08-10,1134.7,1.39,1.824,2.353
2017-08-11,1141.1,1.39,1.804,2.338
2017-08-14,1146.3,1.39,1.802,2.338
2017-08-16,1138.2,1.39,1.821,2.359
2017-08-17,1139.6,1.39,1.801,2.34
2017-08-18,1135.9,1.39,1.777,2.323
2017-08-21,1142.0,1.39,1.784,2.325
2017-08-22,1138.3,1.39,1.803,2.341
2017-08-23,1135.6,1.39,1.797,2.336
2017-08-24,1130.9,1.39,1.801,2.339
2017-08-25,1127.3,1.39,1.755,2.306
2017-08-28,1129.2,1.39,1.758,2.308
2017-08-29,1120.4,1.38,1.772,2.322
2017-08-30,1126.2,1.38,1.752,2.307
2017-08-31,1122.8,1.38,1.747,2.304
2017-09-01,1125.8,1.38,1.747,2.302
2017-09-04,1122.7,1.38,1.782,2.335
2017-09-05,1131.5,1.38,1.78,2.333
2017-09-06,1131.3,1.38,1.775,2.324
2017-09-07,1133.7,1.38,1.782,2.326
2017-09-08,1129.6,1.38,1.758,2.301
2017-09-11,1126.8,1.38,1.757,2.303
2017-09-12,1129.5,1.38,1.753,2.301
2017-09-13,1129.8,1.38,1.742,2.291
2017-09-14,1127.5,1.38,1.742,2.291
2017-09-15,1132.5,1.38,1.739,2.29
2017-09-18,1133.5,1.38,1.742,2.294
2017-09-19,1127.9,1.38,1.779,2.326
2017-09-20,1130.0,1.38,1.775,2.322
2017-09-21,1129.1,1.38,1.781,2.329
2017-09-22,1132.8,1.38,1.775,2.322
2017-09-25,1136.3,1.38,1.786,2.334
2017-09-26,1130.7,1.38,1.832,2.375
2017-09-27,1136.3,1.38,1.887,2.426
2017-09-28,1139.4,1.38,1.888,2.431
2017-09-29,1146.7,1.38,1.888,2.429
2017-10-10,1145.7,1.38,1.938,2.476
2017-10-11,1138.2,1.38,1.929,2.469
2017-10-12,1135.2,1.38,1.9,2.443
2017-10-13,1133.7,1.38,1.916,2.46
2017-10-16,1130.8,1.38,1.927,2.473
2017-10-17,1127.3,1.38,1.947,2.489
2017-10-18,1131.4,1.38,1.935,2.477
2017-10-19,1130.4,1.38,2.006,2.55
2017-10-20,1132.3,1.38,2.088,2.63
2017-10-23,1131.9,1.38,2.032,2.584
2017-10-24,1131.9,1.38,2.057,2.61
2017-10-25,1128.3,1.38,2.094,2.648
2017-10-26,1128.3,1.38,2.182,2.729
2017-10-27,1124.7,1.4,2.164,2.716
2017-10-30,1130.0,1.4,2.137,2.697
2017-10-31,1125.0,1.4,2.164,2.728
2017-11-01,1121.2,1.4,2.14,2.705
2017-11-02,1116.8,1.4,2.126,2.688
2017-11-03,1113.3,1.4,2.133,2.694
2017-11-06,1112.7,1.4,2.152,2.711
2017-11-07,1116.7,1.4,2.133,2.695
2017-11-08,1111.6,1.4,2.151,2.709
2017-11-09,1114.3,1.4,2.147,2.709
2017-11-10,1114.3,1.4,2.157,2.72
2017-11-13,1117.2,1.41,2.18,2.742
2017-11-14,1120.7,1.42,2.211,2.771
2017-11-15,1118.5,1.43,2.177,2.739
2017-11-16,1114.4,1.44,2.171,2.735
2017-11-17,1104.1,1.45,2.174,2.732
2017-11-20,1096.1,1.46,2.156,2.713
2017-11-21,1098.9,1.47,2.156,2.714
2017-11-22,1097.3,1.48,2.17,2.724
2017-11-23,1091.3,1.49,2.134,2.696
2017-11-24,1088.2,1.5,2.169,2.722
2017-11-27,1085.0,1.5,2.153,2.706
2017-11-28,1087.6,1.5,2.119,2.676
2017-11-29,1088.3,1.51,2.112,2.668
2017-11-30,1082.4,1.64,2.075,2.631
2017-12-01,1085.1,1.66,2.081,2.637
2017-12-04,1087.1,1.66,2.083,2.635
2017-12-05,1088.3,1.66,2.112,2.663
2017-12-06,1084.3,1.66,2.084,2.637
2017-12-07,1091.9,1.66,2.094,2.645
2017-12-08,1092.7,1.66,2.094,2.645
2017-12-11,1093.4,1.66,2.087,2.64
2017-12-12,1092.4,1.66,2.077,2.628
2017-12-13,1090.1,1.66,2.078,2.628
2017-12-14,1091.9,1.66,2.08,2.628
2017-12-15,1086.7,1.66,2.078,2.625
2017-12-18,1089.3,1.66,2.09,2.636
2017-12-19,1089.1,1.66,2.097,2.643
2017-12-20,1086.8,1.66,2.087,2.638
2017-12-21,1082.9,1.66,2.094,2.643
2017-12-22,1080.6,1.66,2.131,2.678
2017-12-26,1079.2,1.66,2.129,2.678
2017-12-27,1077.1,1.66,2.15,2.693
2017-12-28,1075.2,1.66,2.134,2.678
2017-12-29,1071.4,1.66,2.135,2.678
2018-01-02,1071.4,1.66,2.119,2.662
2018-01-03,1064.3,1.66,2.127,2.664
2018-01-04,1065.4,1.66,2.142,2.676
2018-01-05,1065.5,1.66,2.099,2.644
2018-01-08,1062.1,1.66,2.135,2.671
2018-01-09,1065.2,1.66,2.149,2.684
2018-01-10,1067.1,1.66,2.172,2.707
2018-01-11,1070.7,1.66,2.152,2.69
2018-01-12,1071.2,1.66,2.174,2.707
2018-01-15,1064.7,1.66,2.223,2.75
2018-01-16,1061.3,1.66,2.225,2.745
2018-01-17,1064.0,1.65,2.227,2.745
2018-01-18,1065.8,1.65,2.172,2.701
2018-01-19,1069.4,1.65,2.17,2.701
2018-01-22,1067.3,1.65,2.203,2.731
2018-01-23,1068.9,1.65,2.192,2.725
2018-01-24,1069.7,1.65,2.197,2.731
2018-01-25,1070.6,1.65,2.215,2.748
2018-01-26,1061.7,1.65,2.222,2.757
2018-01-29,1064.8,1.65,2.281,2.81
2018-01-30,1064.8,1.65,2.304,2.833
2018-01-31,1071.5,1.65,2.274,2.809
2018-02-01,1071.0,1.65,2.249,2.789
2018-02-02,1071.1,1.65,2.25,2.786
2018-02-05,1076.7,1.65,2.287,2.817
2018-02-06,1089.8,1.65,2.253,2.788
2018-02-07,1094.3,1.65,2.248,2.779
2018-02-08,1083.3,1.65,2.272,2.802
2018-02-09,1087.8,1.65,2.278,2.808
2018-02-12,1092.7,1.65,2.302,2.835
2018-02-13,1083.4,1.65,2.278,2.816
2018-02-14,1082.8,1.65,2.265,2.807
2018-02-19,1079.9,1.65,2.302,2.841
2018-02-20,1068.0,1.65,2.316,2.852
2018-02-21,1070.3,1.65,2.306,2.845
2018-02-22,1075.3,1.65,2.303,2.842
2018-02-23,1082.9,1.65,2.285,2.831
2018-02-26,1078.5,1.65,2.263,2.813
2018-02-27,1073.7,1.65,2.258,2.809
2018-02-28,1071.0,1.65,2.266,2.817
2018-03-02,1081.9,1.65,2.29,2.84
2018-03-05,1081.3,1.65,2.311,2.853
2018-03-06,1080.5,1.65,2.312,2.858
2018-03-07,1075.4,1.65,2.297,2.845
2018-03-08,1068.7,1.65,2.286,2.837
2018-03-09,1068.4,1.65,2.293,2.846
2018-03-12,1069.2,1.65,2.305,2.857
2018-03-13,1064.3,1.65,2.301,2.853
2018-03-14,1065.8,1.65,2.274,2.833
2018-03-15,1065.8,1.65,2.268,2.827
2018-03-16,1065.8,1.65,2.276,2.835
2018-03-19,1069.6,1.65,2.275,2.838
2018-03-20,1071.2,1.65,2.286,2.848
2018-03-21,1071.0,1.65,2.291,2.85
2018-03-22,1071.4,1.65,2.256,2.823
2018-03-23,1069.2,1.65,2.223,2.797
2018-03-26,1080.8,1.65,2.244,2.815
2018-03-27,1081.2,1.65,2.232,2.807
2018-03-28,1072.2,1.65,2.222,2.796
2018-03-29,1069.4,1.65,2.227,2.799
2018-03-30,1066.5,1.65,2.216,2.795
2018-04-02,1064.4,1.65,2.225,2.802
2018-04-03,1058.1,1.65,2.193,2.785
2018-04-04,1057.8,1.65,2.168,2.764
2018-04-05,1057.6,1.65,2.175,2.777
2018-04-06,1059.5,1.65,2.156,2.763
2018-04-09,1066.0,1.65,2.167,2.774
2018-04-10,1067.5,1.65,2.185,2.785
2018-04-11,1067.7,1.65,2.165,2.77
2018-04-12,1066.4,1.65,2.156,2.762
2018-04-13,1068.7,1.65,2.155,2.764
2018-04-16,1070.0,1.65,2.169,2.777
2018-04-17,1073.1,1.65,2.178,2.785
2018-04-18,1068.4,1.65,2.196,2.795
2018-04-19,1066.5,1.65,2.195,2.798
2018-04-20,1063.5,1.65,2.2,2.806
2018-04-23,1067.3,1.65,2.235,2.837
2018-04-24,1068.9,1.65,2.227,2.83
2018-04-25,1076.9,1.65,2.246,2.849
2018-04-26,1078.7,1.65,2.234,2.835
2018-04-27,1079.7,1.65,2.201,2.806
2018-04-30,1076.2,1.65,2.216,2.819
2018-05-02,1067.5,1.65,2.237,2.839
2018-05-03,1074.9,1.65,2.246,2.847
2018-05-04,1076.5,1.65,2.28,2.876
2018-05-08,1076.7,1.65,2.311,2.901
2018-05-09,1078.2,1.65,2.309,2.904
2018-05-10,1081.3,1.65,2.276,2.881
2018-05-11,1075.3,1.65,2.286,2.891
2018-05-14,1068.6,1.65,2.309,2.909
2018-05-15,1066.6,1.65,2.312,2.912
2018-05-16,1072.6,1.65,2.285,2.892
2018-05-17,1078.7,1.65,2.262,2.872
2018-05-18,1079.3,1.65,2.231,2.844
2018-05-21,1080.0,1.65,2.251,2.863
2018-05-23,1083.8,1.65,2.235,2.85
2018-05-24,1078.8,1.65,2.191,2.818
2018-05-25,1079.7,1.65,2.198,2.823
2018-05-28,1078.7,1.65,2.208,2.829
2018-05-29,1073.2,1.65,2.189,2.813
2018-05-30,1076.1,1.65,2.192,2.817
2018-05-31,1081.3,1.65,2.195,2.816
2018-06-01,1076.4,1.65,2.193,2.814
2018-06-04,1076.0,1.65,2.213,2.834
2018-06-05,1070.9,1.65,2.201,2.827
2018-06-07,1069.6,1.65,2.217,2.842
2018-06-08,1067.9,1.65,2.189,2.818
2018-06-11,1073.2,1.65,2.223,2.833
2018-06-12,1073.5,1.65,2.223,2.833
2018-06-14,1075.1,1.65,2.227,2.846
2018-06-15,1082.5,1.65,2.186,2.815
2018-06-18,1091.4,1.65,2.178,2.807
2018-06-19,1104.4,1.65,2.164,2.795
2018-06-20,1105.5,1.65,2.163,2.797
2018-06-21,1108.0,1.65,2.149,2.786
2018-06-22,1109.0,1.65,2.147,2.788
2018-06-25,1108.9,1.65,2.143,2.784
2018-06-26,1116.1,1.65,2.148,2.788
2018-06-27,1115.2,1.65,2.122,2.767
2018-06-28,1117.9,1.65,2.115,2.762
2018-06-29,1121.7,1.65,2.122,2.766
2018-07-02,1117.2,1.65,2.123,2.766
2018-07-03,1117.4,1.65,2.138,2.781
2018-07-04,1121.1,1.65,2.116,2.761
2018-07-05,1115.3,1.65,2.093,2.742
2018-07-06,1118.4,1.65,2.101,2.749
2018-07-09,1117.8,1.65,2.107,2.755
2018-07-10,1112.3,1.65,2.095,2.745
2018-07-11,1113.8,1.65,2.054,2.708
2018-07-12,1120.8,1.65,2.09,2.744
2018-07-13,1127.8,1.65,2.105,2.755
2018-07-16,1123.4,1.65,2.088,2.741
2018-07-17,1128.7,1.65,2.094,2.746
2018-07-18,1125.2,1.65,2.087,2.74
2018-07-19,1128.9,1.65,2.089,2.744
2018-07-20,1131.2,1.65,2.077,2.732
2018-07-23,1134.8,1.65,2.077,2.735
2018-07-24,1128.5,1.65,2.092,2.748
2018-07-25,1135.2,1.65,2.079,2.739
2018-07-26,1127.5,1.65,2.071,2.732
2018-07-27,1119.6,1.65,2.112,2.771
2018-07-30,1120.0,1.65,2.128,2.786
2018-07-31,1116.7,1.65,2.123,2.781
2018-08-01,1117.9,1.65,2.124,2.78
2018-08-02,1119.3,1.65,2.113,2.77
2018-08-03,1122.6,1.65,2.108,2.765
2018-08-06,1128.1,1.65,2.097,2.755
2018-08-07,1123.5,1.65,2.082,2.743
2018-08-08,1125.7,1.65,2.07,2.732
2018-08-09,1118.8,1.65,2.05,2.714
2018-08-10,1117.9,1.65,2.04,2.703
2018-08-13,1126.3,1.65,2.051,2.711
2018-08-14,1133.7,1.65,2.063,2.721
2018-08-16,1132.1,1.65,2.05,2.707
2018-08-17,1130.7,1.65,1.997,2.659
2018-08-20,1125.6,1.65,1.985,2.65
2018-08-21,1121.7,1.65,1.919,2.592
2018-08-22,1118.2,1.65,1.962,2.626
2018-08-23,1118.7,1.65,1.963,2.625
2018-08-24,1120.8,1.65,1.963,2.624
2018-08-27,1121.8,1.65,1.963,2.581
2018-08-28,1114.3,1.65,1.965,2.546
2018-08-29,1110.0,1.65,1.955,2.507
2018-08-30,1108.8,1.65,1.98,2.5
2018-08-31,1108.8,1.65,1.916,2.416
2018-09-03,1113.3,1.65,1.922,2.404
2018-09-04,1113.5,1.65,1.917,2.386
2018-09-05,1114.2,1.65,1.9,2.358
2018-09-06,1117.6,1.65,1.912,2.366
2018-09-07,1121.2,1.65,1.919,2.365
2018-09-10,1123.1,1.65,1.918,2.367
2018-09-11,1128.1,1.65,1.923,2.373
2018-09-12,1126.8,1.65,1.893,2.343
2018-09-13,1127.3,1.65,1.921,2.37
2018-09-14,1121.2,1.65,1.96,2.406
2018-09-17,1119.2,1.65,1.967,2.413
2018-09-18,1126.2,1.65,1.98,2.422
2018-09-19,1126.3,1.65,1.996,2.438
2018-09-20,1123.0,1.65,2.035,2.476
2018-09-21,1119.9,1.65,2.022,2.463
2018-09-27,1116.6,1.65,2.006,2.45
2018-09-28,1112.7,1.65,2.005,2.449
2018-10-01,1110.2,1.65,2.022,2.464
2018-10-02,1110.9,1.65,2.015,2.46
2018-10-04,1116.4,1.65,2.066,2.506
2018-10-05,1128.3,1.65,2.084,2.522
2018-10-08,1130.7,1.65,2.091,2.528
2018-10-10,1131.7,1.65,2.059,2.497
2018-10-11,1132.5,1.65,2.012,2.455
2018-10-12,1142.5,1.66,2.05,2.486
2018-10-15,1133.3,1.67,2.051,2.485
2018-10-16,1133.4,1.68,2.048,2.482
2018-10-17,1128.1,1.68,2.023,2.463
2018-10-18,1125.0,1.69,1.981,2.423
2018-10-19,1132.6,1.7,1.989,2.432
2018-10-22,1134.3,1.7,2.009,2.451
2018-10-23,1130.9,1.7,1.989,2.432
2018-10-24,1135.8,1.7,2.007,2.445
2018-10-25,1132.2,1.7,1.982,2.426
2018-10-26,1138.5,1.7,1.968,2.413
2018-10-29,1140.6,1.7,1.894,2.344
2018-10-30,1138.6,1.7,1.931,2.384
2018-10-31,1140.6,1.7,1.939,2.393
2018-11-01,1139.2,1.7,1.942,2.394
2018-11-02,1138.8,1.7,1.982,2.431
2018-11-05,1125.5,1.7,1.982,2.432
2018-11-06,1122.7,1.7,1.984,2.436
2018-11-07,1122.5,1.7,1.964,2.419
2018-11-08,1120.9,1.7,1.966,2.42
2018-11-09,1118.4,1.7,1.96,2.416
2018-11-12,1125.7,1.7,1.945,2.406
2018-11-13,1132.0,1.7,1.94,2.402
2018-11-14,1135.7,1.7,1.922,2.39
2018-11-15,1132.4,1.7,1.943,2.409
2018-11-16,1130.3,1.7,1.947,2.411
2018-11-19,1128.7,1.7,1.942,2.405
2018-11-20,1127.4,1.7,1.94,2.405
2018-11-21,1127.5,1.7,1.946,2.409
2018-11-22,1131.3,1.7,1.942,2.406
2018-11-23,1129.0,1.7,1.914,2.388
2018-11-26,1130.5,1.7,1.914,2.388
2018-11-27,1129.9,1.7,1.908,2.38
2018-11-28,1129.7,1.7,1.92,2.388
2018-11-29,1128.9,1.7,1.889,2.36
2018-11-30,1121.8,1.9,1.897,2.367
2018-12-03,1120.3,1.9,1.924,2.388
2018-12-04,1113.7,1.9,1.914,2.382
2018-12-05,1109.8,1.9,1.901,2.372
2018-12-06,1113.6,1.9,1.839,2.319
2018-12-07,1117.8,1.9,1.834,2.313
2018-12-10,1118.2,1.9,1.803,2.293
2018-12-11,1124.7,1.9,1.792,2.284
2018-12-12,1129.4,1.9,1.803,2.292
2018-12-13,1127.6,1.9,1.795,2.288
2018-12-14,1124.0,1.9,1.781,2.277
2018-12-17,1129.2,1.9,1.795,2.283
2018-12-18,1131.6,1.9,1.795,2.282
2018-12-19,1129.9,1.9,1.783,2.272
2018-12-20,1125.1,1.9,1.8,2.283
2018-12-21,1128.9,1.9,1.838,2.31
2018-12-24,1123.9,1.9,1.846,2.313
2018-12-26,1125.2,1.92,1.807,2.279
2018-12-27,1125.6,1.92,1.81,2.282
2018-12-28,1121.3,1.93,1.817,2.287
2018-12-31,1118.1,1.93,1.817,2.287
2019-01-02,1118.1,1.93,1.802,2.27
2019-01-03,1119.0,1.92,1.796,2.265
2019-01-04,1127.5,1.86,1.797,2.259
2019-01-07,1125.2,1.86,1.807,2.268
2019-01-08,1118.0,1.86,1.81,2.269
2019-01-09,1121.7,1.86,1.809,2.27
2019-01-10,1121.6,1.86,1.796,2.259
2019-01-11,1118.9,1.86,1.804,2.262
2019-01-14,1117.6,1.86,1.797,2.257
2019-01-15,1121.4,1.86,1.797,2.258
2019-01-16,1120.1,1.86,1.803,2.258
2019-01-17,1122.0,1.86,1.795,2.255
2019-01-18,1121.4,1.86,1.814,2.267
2019-01-21,1121.3,1.86,1.821,2.271
2019-01-22,1126.5,1.86,1.803,2.255
2019-01-23,1130.2,1.86,1.803,2.256
2019-01-24,1128.2,1.86,1.81,2.261
2019-01-25,1128.0,1.86,1.812,2.261
2019-01-28,1125.1,1.86,1.82,2.267
2019-01-29,1116.9,1.86,1.823,2.269
2019-01-30,1118.1,1.86,1.827,2.272
2019-01-31,1117.2,1.86,1.809,2.256
2019-02-01,1111.6,1.86,1.803,2.251
2019-02-07,1116.8,1.86,1.801,2.249
2019-02-08,1123.4,1.86,1.786,2.234
2019-02-11,1124.5,1.86,1.781,2.229
2019-02-12,1124.5,1.86,1.796,2.242
2019-02-13,1124.6,1.86,1.801,2.247
2019-02-14,1121.7,1.86,1.794,2.242
2019-02-15,1125.0,1.86,1.779,2.231
2019-02-18,1127.7,1.87,1.804,2.251
2019-02-19,1124.7,1.88,1.8,2.249
2019-02-20,1127.5,1.89,1.802,2.252
2019-02-21,1122.6,1.89,1.811,2.258
2019-02-22,1124.4,1.89,1.814,2.26
2019-02-25,1125.7,1.89,1.819,2.265
2019-02-26,1120.8,1.89,1.816,2.261
2019-02-27,1118.3,1.89,1.808,2.254
2019-02-28,1117.8,1.89,1.813,2.261
2019-03-04,1119.9,1.89,1.834,2.281
2019-03-05,1125.0,1.89,1.836,2.283
2019-03-06,1125.8,1.89,1.828,2.278
2019-03-07,1127.8,1.89,1.817,2.269
2019-03-08,1128.3,1.89,1.802,2.255
2019-03-11,1134.0,1.89,1.81,2.261
2019-03-12,1134.5,1.89,1.81,2.262
2019-03-13,1128.7,1.89,1.795,2.248
2019-03-14,1131.5,1.89,1.793,2.246
2019-03-15,1132.7,1.9,1.803,2.256
2019-03-18,1136.1,1.9,1.812,2.264
2019-03-19,1133.7,1.9,1.81,2.262
2019-03-20,1130.9,1.9,1.813,2.265
2019-03-21,1130.4,1.9,1.793,2.247
2019-03-22,1125.8,1.9,1.8,2.254
2019-03-25,1129.8,1.9,1.77,2.225
2019-03-26,1134.9,1.9,1.763,2.217
2019-03-27,1132.1,1.9,1.722,2.187
2019-03-28,1134.7,1.9,1.679,2.151
2019-03-29,1137.8,1.9,1.69,2.163
2019-04-01,1136.1,1.9,1.726,2.197
2019-04-02,1132.7,1.89,1.706,2.178
2019-04-03,1135.8,1.87,1.72,2.193
2019-04-04,1134.9,1.87,1.72,2.194
2019-04-05,1135.5,1.86,1.735,2.207
2019-04-08,1136.4,1.86,1.723,2.196
2019-04-09,1141.4,1.86,1.725,2.197
2019-04-10,1142.8,1.86,1.731,2.201
2019-04-11,1141.2,1.86,1.732,2.202
2019-04-12,1139.2,1.86,1.733,2.204
2019-04-15,1140.5,1.86,1.761,2.23
2019-04-16,1133.9,1.86,1.765,2.234
2019-04-17,1135.7,1.86,1.778,2.249
2019-04-18,1136.1,1.86,1.741,2.215
2019-04-19,1136.2,1.86,1.756,2.228
2019-04-22,1137.1,1.85,1.769,2.241
2019-04-23,1140.8,1.85,1.768,2.238
2019-04-24,1141.1,1.85,1.749,2.219
2019-04-25,1146.9,1.85,1.724,2.195
2019-04-26,1158.7,1.84,1.72,2.191
2019-04-29,1159.7,1.84,1.712,2.184
2019-04-30,1158.2,1.84,1.699,2.171
2019-05-02,1163.8,1.84,1.732,2.201
2019-05-03,1163.9,1.84,1.739,2.204
2019-05-07,1169.4,1.84,1.723,2.189
2019-05-08,1169.8,1.84,1.717,2.184
2019-05-09,1169.9,1.84,1.708,2.176
2019-05-10,1175.8,1.84,1.719,2.187
2019-05-13,1178.1,1.84,1.721,2.186
2019-05-14,1183.1,1.84,1.711,2.177
2019-05-15,1187.0,1.84,1.71,2.175
2019-05-16,1189.4,1.84,1.675,2.146
2019-05-17,1189.8,1.84,1.67,2.145
2019-05-20,1192.7,1.84,1.681,2.157
2019-05-21,1192.9,1.84,1.663,2.142
2019-05-22,1193.3,1.84,1.667,2.144
2019-05-23,1194.6,1.84,1.648,2.131
2019-05-24,1191.2,1.84,1.643,2.126
2019-05-27,1189.6,1.84,1.652,2.131
2019-05-28,1184.1,1.84,1.654,2.13
2019-05-29,1187.6,1.84,1.619,2.103
2019-05-30,1193.1,1.84,1.626,2.11
2019-05-31,1190.0,1.84,1.587,2.075
2019-06-03,1191.2,1.82,1.575,2.074
2019-06-04,1183.0,1.82,1.57,2.07
2019-06-05,1181.5,1.82,1.542,2.05
2019-06-07,1179.8,1.82,1.537,2.047
2019-06-10,1179.5,1.82,1.533,2.048
2019-06-11,1184.0,1.82,1.542,2.053
2019-06-12,1181.7,1.81,1.469,1.999
2019-06-13,1181.7,1.81,1.48,2.002
2019-06-14,1184.7,1.81,1.47,1.989
2019-06-17,1184.0,1.8,1.491,2.005
2019-06-18,1186.3,1.8,1.493,2.007
2019-06-19,1185.0,1.8,1.484,1.995
2019-06-20,1177.0,1.8,1.42,1.939
2019-06-21,1167.7,1.8,1.44,1.949
2019-06-24,1162.0,1.79,1.44,1.949
2019-06-25,1157.9,1.79,1.478,1.971
2019-06-26,1154.7,1.78,1.496,1.982
2019-06-27,1158.2,1.78,1.494,1.984
2019-06-28,1156.8,1.78,1.472,1.967
2019-07-01,1156.4,1.78,1.479,1.974
2019-07-02,1155.4,1.78,1.463,1.958
2019-07-03,1164.8,1.78,1.429,1.925
2019-07-04,1170.4,1.78,1.416,1.915
2019-07-05,1169.2,1.78,1.423,1.923
2019-07-08,1170.4,1.78,1.422,1.922
2019-07-09,1178.5,1.78,1.424,1.923
2019-07-10,1179.9,1.78,1.438,1.938
2019-07-11,1181.4,1.78,1.419,1.92
2019-07-12,1173.8,1.78,1.424,1.927
2019-07-15,1177.3,1.78,1.434,1.937
2019-07-16,1179.2,1.78,1.431,1.934
2019-07-17,1178.5,1.73,1.399,1.903
2019-07-18,1180.4,1.61,1.345,1.85
2019-07-19,1179.5,1.59,1.327,1.832
2019-07-22,1173.4,1.59,1.333,1.837
2019-07-23,1177.6,1.59,1.339,1.843
2019-07-24,1178.4,1.56,1.321,1.83
2019-07-25,1178.2,1.54,1.302,1.809
2019-07-26,1179.8,1.53,1.308,1.817
2019-07-29,1184.2,1.53,1.306,1.817
2019-07-30,1183.4,1.52,1.301,1.812
2019-07-31,1182.0,1.5,1.292,1.803
2019-08-01,1181.9,1.5,1.309,1.822
2019-08-02,1188.5,1.5,1.26,1.773
2019-08-05,1194.8,1.5,1.172,1.693
2019-08-06,1211.8,1.49,1.163,1.688
2019-08-07,1214.3,1.49,1.153,1.678
2019-08-08,1214.5,1.49,1.165,1.691
2019-08-09,1211.3,1.49,1.186,1.707
2019-08-12,1209.7,1.49,1.182,1.706
2019-08-13,1215.6,1.49,1.15,1.678
2019-08-14,1218.9,1.49,1.149,1.678
2019-08-16,1211.7,1.49,1.095,1.626
2019-08-19,1213.3,1.49,1.093,1.628
2019-08-20,1210.7,1.49,1.101,1.636
2019-08-21,1210.2,1.49,1.156,1.685
2019-08-22,1204.0,1.49,1.13,1.658
2019-08-23,1205.1,1.49,1.169,1.691
2019-08-26,1212.2,1.49,1.121,1.648
2019-08-27,1218.2,1.49,1.171,1.695
2019-08-28,1213.1,1.49,1.18,1.701
2019-08-29,1213.5,1.49,1.167,1.691
2019-08-30,1215.2,1.49,1.168,1.693
2019-09-02,1209.6,1.49,1.233,1.74
2019-09-03,1211.9,1.49,1.228,1.734
2019-09-04,1215.2,1.5,1.241,1.741
2019-09-05,1209.7,1.53,1.259,1.76
2019-09-06,1199.6,1.54,1.265,1.769
2019-09-09,1196.9,1.54,1.235,1.742
2019-09-10,1192.4,1.54,1.242,1.748
2019-09-11,1191.9,1.54,1.258,1.764
2019-09-16,1191.4,1.54,1.348,1.85
2019-09-17,1184.0,1.54,1.315,1.822
2019-09-18,1188.3,1.54,1.309,1.816
2019-09-19,1190.5,1.55,1.329,1.835
2019-09-20,1195.1,1.55,1.332,1.836
2019-09-23,1191.1,1.55,1.331,1.837
2019-09-24,1193.1,1.55,1.325,1.829
2019-09-25,1194.0,1.55,1.304,1.807
2019-09-26,1198.3,1.55,1.301,1.806
2019-09-27,1199.1,1.55,1.301,1.806
2019-09-30,1201.3,1.55,1.297,1.8
2019-10-01,1199.2,1.55,1.323,1.824
2019-10-02,1198.2,1.55,1.303,1.806
2019-10-04,1203.7,1.55,1.21,1.717
2019-10-07,1197.0,1.55,1.232,1.738
2019-10-08,1196.5,1.55,1.264,1.766
2019-10-10,1194.7,1.55,1.276,1.779
2019-10-11,1196.1,1.55,1.281,1.785
2019-10-14,1189.3,1.55,1.281,1.787
2019-10-15,1183.7,1.55,1.281,1.791
2019-10-16,1184.1,1.36,1.32,1.827
2019-10-17,1187.0,1.36,1.375,1.879
2019-10-18,1186.6,1.36,1.375,1.88
2019-10-21,1180.5,1.36,1.408,1.912
2019-10-22,1175.4,1.36,1.379,1.885
2019-10-23,1171.4,1.36,1.388,1.894
2019-10-24,1173.7,1.37,1.396,1.905
2019-10-25,1171.0,1.37,1.435,1.943
2019-10-28,1174.2,1.44,1.523,2.018
2019-10-29,1169.6,1.44,1.499,1.994
2019-10-30,1166.5,1.44,1.481,1.981
2019-10-31,1168.4,1.44,1.466,1.973
2019-11-01,1161.7,1.44,1.467,1.976
2019-11-04,1167.6,1.46,1.55,2.053
2019-11-05,1160.4,1.49,1.522,2.026
2019-11-06,1160.1,1.5,1.53,2.033
2019-11-07,1157.5,1.52,1.541,2.048
2019-11-08,1160.6,1.52,1.518,2.023
2019-11-11,1156.1,1.53,1.5,2.011
2019-11-12,1161.3,1.53,1.564,2.064
2019-11-13,1163.5,1.53,1.51,2.015
2019-11-14,1167.6,1.53,1.515,2.016
2019-11-15,1170.4,1.53,1.513,2.019
2019-11-18,1166.3,1.53,1.518,2.023
2019-11-19,1164.5,1.53,1.485,1.995
2019-11-20,1168.6,1.53,1.45,1.965
2019-11-21,1170.1,1.53,1.462,1.978
2019-11-22,1176.5,1.53,1.456,1.972
2019-11-25,1177.8,1.53,1.475,1.988
2019-11-26,1176.2,1.53,1.475,1.989
2019-11-27,1174.4,1.53,1.456,1.975
2019-11-28,1176.0,1.53,1.43,1.957
2019-11-29,1179.3,1.53,1.385,1.922
2019-12-02,1180.3,1.53,1.425,1.957
2019-12-03,1180.4,1.53,1.46,1.986
2019-12-04,1186.2,1.53,1.406,1.939
2019-12-05,1193.7,1.53,1.423,1.957
2019-12-06,1190.2,1.53,1.43,1.969
2019-12-09,1189.7,1.53,1.412,1.955
2019-12-10,1189.3,1.53,1.39,1.949
2019-12-11,1192.0,1.53,1.381,1.942
2019-12-12,1193.3,1.53,1.382,1.942
2019-12-13,1188.6,1.53,1.402,1.962
2019-12-16,1171.7,1.53,1.369,1.935
2019-12-17,1172.9,1.53,1.363,1.93
2019-12-18,1166.7,1.53,1.357,1.927
2019-12-19,1165.3,1.53,1.383,1.949
2019-12-20,1164.5,1.53,1.392,1.959
2019-12-23,1162.6,1.53,1.38,1.951
2019-12-24,1161.7,1.53,1.37,1.945
2019-12-26,1163.7,1.53,1.367,1.941
2019-12-27,1161.2,1.53,1.37,1.944
2019-12-30,1160.9,1.53,1.36,1.937
2019-12-31,1157.8,1.53,1.36,1.937
2020-01-02,1157.8,1.53,1.327,1.907
2020-01-03,1156.9,1.53,1.27,1.858
2020-01-06,1162.7,1.49,1.277,1.861
2020-01-07,1169.6,1.46,1.331,1.911
2020-01-08,1165.3,1.46,1.363,1.939
2020-01-09,1174.1,1.46,1.416,1.983
2020-01-10,1160.0,1.46,1.425,1.991
2020-01-13,1161.1,1.46,1.418,1.989
2020-01-14,1155.7,1.46,1.386,1.968
2020-01-15,1153.1,1.46,1.391,1.972
2020-01-16,1158.8,1.46,1.426,2.001
2020-01-17,1159.6,1.46,1.433,2.01
2020-01-20,1158.8,1.46,1.455,2.034
2020-01-21,1158.8,1.46,1.395,1.986
2020-01-22,1164.7,1.46,1.437,2.016
2020-01-23,1165.1,1.46,1.424,2.006
2020-01-28,1167.2,1.46,1.352,1.94
2020-01-29,1176.7,1.46,1.33,1.922
2020-01-30,1176.0,1.43,1.301,1.897
2020-01-31,1183.5,1.42,1.303,1.899
2020-02-03,1187.8,1.42,1.291,1.884
2020-02-04,1196.0,1.42,1.331,1.923
2020-02-05,1189.4,1.42,1.307,1.901
2020-02-06,1188.5,1.42,1.311,1.904
2020-02-07,1181.4,1.42,1.28,1.874
2020-02-10,1187.2,1.42,1.296,1.886
2020-02-11,1189.8,1.42,1.299,1.888
2020-02-12,1184.1,1.42,1.297,1.89
2020-02-13,1179.8,1.42,1.275,1.873
2020-02-14,1181.5,1.42,1.33,1.913
2020-02-17,1183.5,1.42,1.32,1.906
2020-02-18,1182.2,1.42,1.271,1.863
2020-02-19,1188.1,1.42,1.284,1.875
2020-02-20,1190.8,1.41,1.234,1.833
2020-02-21,1197.0,1.41,1.182,1.782
2020-02-24,1205.6,1.41,1.139,1.74
2020-02-25,1217.7,1.41,1.171,1.765
2020-02-26,1212.7,1.41,1.135,1.734
2020-02-27,1216.8,1.41,1.194,1.79
2020-02-28,1215.9,1.41,1.104,1.707
2020-03-02,1215.3,1.41,1.128,1.728
2020-03-03,1200.3,1.41,1.11,1.718
2020-03-04,1191.4,1.4,1.029,1.644
2020-03-05,1186.4,1.4,1.051,1.666
2020-03-06,1185.0,1.4,1.078,1.692
2020-03-09,1191.4,1.4,1.038,1.657
2020-03-10,1201.4,1.4,1.082,1.708
2020-03-11,1196.7,1.4,1.086,1.712
2020-03-12,1192.8,1.39,1.062,1.707
2020-03-13,1202.0,1.39,1.149,1.81
2020-03-16,1222.2,1.39,1.099,1.765
2020-03-17,1219.6,1.02,1.03,1.74
2020-03-18,1241.2,1.02,1.05,1.77
2020-03-19,1237.8,1.02,1.193,1.947
2020-03-20,1280.1,1.02,1.107,1.945
2020-03-23,1254.1,1.02,1.153,2.01
2020-03-24,1274.6,1.07,1.127,2.006
2020-03-25,1256.0,1.1,1.131,2.025
2020-03-26,1230.7,1.1,1.067,2.035
2020-03-27,1227.9,1.1,1.06,2.039
2020-03-30,1212.4,1.1,1.098,2.074
2020-03-31,1222.6,1.1,1.07,2.077
2020-04-01,1220.0,1.1,1.092,2.099
2020-04-02,1222.2,1.1,1.059,2.093
2020-04-03,1237.6,1.1,1.066,2.1
2020-04-06,1229.8,1.1,1.052,2.1
2020-04-07,1233.4,1.1,1.047,2.1
2020-04-08,1222.4,1.1,1.024,2.097
2020-04-09,1219.7,1.1,0.986,2.093
2020-04-10,1216.4,1.1,0.97,2.092
2020-04-13,1212.3,1.1,0.996,2.12
2020-04-14,1218.7,1.1,0.996,2.126
2020-04-16,1216.7,1.1,0.982,2.123
2020-04-17,1227.5,1.1,1.006,2.148
2020-04-20,1219.3,1.1,1.013,2.153
2020-04-21,1218.7,1.1,1.035,2.188
2020-04-22,1231.3,1.1,1.046,2.203
2020-04-23,1235.2,1.1,1.036,2.203
2020-04-24,1232.0,1.1,1.018,2.201
2020-04-27,1235.8,1.1,1.026,2.215
2020-04-28,1230.3,1.1,1.033,2.224
2020-04-29,1225.2,1.1,1.006,2.218
2020-05-04,1218.5,1.1,0.975,2.203
2020-05-06,1227.8,1.1,0.96,2.202
2020-05-07,1223.3,1.08,0.946,2.198
2020-05-08,1226.5,1.08,0.914,2.182
2020-05-11,1217.7,1.05,0.926,2.198
2020-05-12,1217.8,1.05,0.886,2.173
2020-05-13,1226.7,1.05,0.856,2.155
2020-05-14,1226.3,1.05,0.869,2.17
2020-05-15,1227.9,1.05,0.874,2.176
2020-05-18,1229.3,1.05,0.887,2.188
2020-05-19,1231.6,1.02,0.876,2.185
2020-05-20,1224.5,1.02,0.868,2.181
2020-05-21,1227.8,1.02,0.856,2.177
2020-05-22,1230.7,1.02,0.837,2.165
2020-05-25,1236.2,1.02,0.815,2.152
2020-05-26,1242.0,1.02,0.839,2.176
2020-05-27,1237.1,1.02,0.863,2.196
2020-05-28,1233.7,0.81,0.818,2.157
2020-05-29,1239.4,0.81,0.826,2.158
2020-06-01,1237.6,0.81,0.831,2.164
2020-06-02,1227.8,0.81,0.851,2.182
2020-06-03,1224.1,0.81,0.866,2.199
2020-06-04,1216.9,0.8,0.886,2.217
2020-06-05,1217.4,0.79,0.894,2.224
2020-06-08,1213.1,0.79,0.902,2.227
2020-06-09,1204.2,0.79,0.861,2.204
2020-06-10,1197.7,0.79,0.84,2.205
2020-06-11,1194.4,0.79,0.837,2.204
2020-06-12,1192.8,0.79,0.841,2.21
2020-06-15,1206.6,0.79,0.861,2.229
2020-06-16,1210.8,0.79,0.86,2.225
2020-06-17,1206.6,0.79,0.874,2.244
2020-06-18,1214.5,0.79,0.842,2.225
2020-06-19,1213.0,0.79,0.844,2.23
2020-06-22,1212.0,0.79,0.846,2.232
2020-06-23,1213.2,0.79,0.827,2.224
2020-06-24,1210.1,0.79,0.819,2.221
2020-06-25,1202.9,0.79,0.817,2.22
2020-06-26,1205.2,0.79,0.811,2.22
2020-06-29,1198.6,0.79,0.842,2.246
2020-06-30,1200.7,0.79,0.842,2.25
2020-07-01,1198.5,0.79,0.847,2.251
2020-07-02,1201.6,0.79,0.831,2.235
2020-07-03,1201.0,0.79,0.838,2.239
2020-07-06,1200.4,0.79,0.854,2.249
2020-07-07,1196.8,0.79,0.843,2.236
2020-07-08,1192.9,0.79,0.839,2.232
2020-07-09,1195.8,0.79,0.84,2.235
2020-07-10,1194.5,0.79,0.849,2.237
2020-07-13,1202.4,0.79,0.86,2.249
2020-07-14,1200.3,0.79,0.854,2.246
2020-07-15,1206.4,0.79,0.847,2.241
2020-07-16,1200.7,0.79,0.829,2.227
2020-07-17,1204.1,0.79,0.812,2.214
2020-07-20,1205.7,0.79,0.801,2.205
2020-07-21,1203.7,0.79,0.818,2.216
2020-07-22,1198.1,0.79,0.81,2.209
2020-07-23,1193.7,0.78,0.798,2.194
2020-07-24,1198.5,0.78,0.799,2.189
2020-07-27,1201.3,0.78,0.803,2.188
2020-07-28,1196.6,0.78,0.813,2.194
2020-07-29,1195.1,0.78,0.811,2.19
2020-07-30,1195.2,0.78,0.799,2.181
2020-07-31,1191.4,0.78,0.796,2.177
2020-08-03,1189.1,0.78,0.799,2.177
2020-08-04,1193.7,0.76,0.802,2.179
2020-08-05,1193.5,0.76,0.795,2.168
2020-08-06,1190.3,0.76,0.807,2.172
2020-08-07,1184.3,0.75,0.81,2.174
2020-08-10,1185.9,0.74,0.83,2.191
2020-08-11,1186.7,0.73,0.818,2.183
2020-08-12,1184.9,0.7,0.827,2.192
2020-08-13,1186.0,0.67,0.815,2.184
2020-08-14,1183.6,0.65,0.828,2.195
2020-08-18,1185.8,0.64,0.81,2.182
2020-08-19,1185.1,0.63,0.805,2.177
2020-08-20,1182.3,0.63,0.813,2.183
2020-08-21,1186.3,0.63,0.854,2.204
2020-08-24,1185.3,0.63,0.824,2.185
2020-08-25,1190.0,0.63,0.825,2.188
2020-08-26,1186.3,0.63,0.835,2.197
2020-08-27,1187.0,0.63,0.852,2.212
2020-08-28,1185.7,0.63,0.893,2.24
2020-08-31,1185.1,0.63,0.94,2.264
2020-09-01,1183.3,0.63,0.977,2.291
2020-09-02,1184.6,0.63,0.923,2.261
2020-09-03,1186.2,0.63,0.919,2.261
2020-09-04,1187.5,0.63,0.929,2.268
2020-09-07,1190.2,0.63,0.973,2.287
2020-09-08,1187.2,0.63,0.949,2.269
2020-09-09,1187.9,0.63,0.915,2.244
2020-09-10,1189.6,0.63,0.915,2.243
2020-09-11,1185.3,0.63,0.926,2.251
2020-09-14,1188.3,0.63,0.919,2.247
2020-09-15,1184.2,0.63,0.907,2.238
2020-09-16,1180.5,0.63,0.91,2.233
2020-09-17,1177.8,0.63,0.914,2.236
2020-09-18,1175.4,0.63,0.907,2.232
2020-09-21,1163.6,0.63,0.904,2.232
2020-09-22,1160.6,0.63,0.897,2.228
2020-09-23,1163.9,0.63,0.883,2.217
2020-09-24,1164.4,0.63,0.857,2.2
2020-09-25,1170.3,0.63,0.855,2.2
2020-09-28,1170.5,0.63,0.843,2.192
2020-09-29,1173.5,0.63,0.846,2.193
2020-10-05,1169.5,0.63,0.881,2.221
2020-10-06,1163.4,0.63,0.905,2.242
2020-10-07,1160.0,0.63,0.91,2.244
2020-10-08,1162.5,0.63,0.907,2.241
2020-10-12,1156.2,0.63,0.925,2.251
2020-10-13,1148.3,0.63,0.923,2.248
2020-10-14,1149.5,0.63,0.901,2.237
2020-10-15,1145.7,0.63,0.877,2.22
2020-10-16,1144.6,0.63,0.888,2.23
2020-10-19,1145.6,0.63,0.891,2.229
2020-10-20,1142.2,0.63,0.911,2.241
2020-10-21,1139.7,0.63,0.934,2.259
2020-10-22,1133.7,0.63,0.925,2.246
2020-10-23,1134.1,0.63,0.91,2.235
2020-10-26,1134.6,0.63,0.908,2.231
2020-10-27,1129.1,0.63,0.917,2.239
2020-10-28,1127.6,0.63,0.914,2.232
2020-10-29,1129.3,0.63,0.927,2.24
2020-10-30,1133.4,0.63,0.935,2.247
2020-11-02,1130.4,0.63,0.971,2.273
2020-11-03,1134.7,0.67,0.98,2.276
2020-11-04,1134.6,0.67,0.955,2.257
2020-11-05,1136.5,0.66,0.927,2.237
2020-11-06,1130.9,0.66,0.943,2.249
2020-11-09,1124.4,0.66,0.959,2.254
2020-11-10,1115.6,0.66,0.976,2.269
2020-11-11,1115.9,0.66,0.989,2.274
2020-11-12,1112.4,0.66,0.969,2.256
2020-11-13,1113.2,0.66,0.965,2.253
2020-11-16,1115.1,0.66,0.97,2.254
2020-11-17,1108.0,0.66,0.96,2.25
2020-11-18,1106.8,0.66,0.949,2.239
2020-11-19,1105.9,0.66,0.955,2.237
2020-11-20,1112.2,0.66,0.963,2.234
2020-11-23,1114.2,0.66,0.955,2.219
2020-11-24,1112.6,0.66,0.963,2.224
2020-11-25,1111.2,0.66,0.971,2.233
2020-11-26,1107.2,0.66,0.981,2.24
2020-11-27,1105.8,0.66,0.979,2.232
2020-11-30,1104.4,0.66,0.983,2.235
2020-12-01,1104.9,0.66,0.982,2.232
2020-12-02,1107.1,0.66,0.982,2.233
2020-12-03,1103.3,0.66,0.975,2.226
2020-12-04,1098.1,0.66,0.966,2.22
2020-12-07,1086.6,0.66,0.961,2.215
2020-12-08,1082.7,0.66,0.959,2.211
2020-12-09,1084.4,0.66,0.966,2.214
2020-12-10,1083.6,0.66,0.973,2.212
2020-12-11,1086.2,0.66,0.98,2.215
2020-12-14,1089.3,0.66,0.986,2.216
2020-12-15,1090.8,0.66,0.984,2.215
2020-12-16,1093.2,0.66,0.989,2.221
2020-12-17,1092.2,0.66,0.999,2.229
2020-12-18,1092.8,0.66,0.963,2.208
2020-12-21,1097.9,0.66,0.959,2.201
2020-12-22,1101.2,0.66,0.945,2.19
2020-12-23,1106.6,0.66,0.932,2.179
2020-12-24,1108.9,0.66,0.95,2.196
2020-12-28,1103.7,0.66,0.958,2.196
2020-12-29,1098.2,0.66,0.973,2.202
2020-12-30,1093.2,0.66,0.978,2.208
2020-12-31,1088.0,0.66,0.976,2.208
2021-01-04,1088.0,0.66,0.954,2.192
2021-01-05,1083.1,0.66,0.936,2.173
2021-01-06,1086.1,0.66,0.953,2.176
2021-01-07,1086.8,0.66,0.964,2.177
2021-01-08,1087.7,0.66,0.978,2.178
2021-01-11,1094.4,0.66,0.969,2.161
2021-01-12,1097.8,0.66,0.976,2.161
2021-01-13,1099.9,0.67,0.979,2.158
2021-01-14,1095.0,0.67,0.988,2.155
2021-01-15,1100.3,0.67,0.973,2.144
2021-01-18,1097.9,0.69,0.968,2.137
2021-01-19,1104.4,0.69,0.974,2.132
2021-01-20,1102.1,0.69,0.976,2.129
2021-01-21,1100.0,0.69,0.971,2.122
2021-01-22,1099.2,0.69,0.993,2.124
2021-01-25,1102.3,0.69,1.006,2.124
2021-01-26,1103.2,0.69,1.007,2.122
2021-01-27,1103.0,0.7,0.982,2.103
2021-01-28,1104.0,0.7,0.977,2.097
2021-01-29,1114.6,0.7,0.971,2.092
2021-02-01,1117.2,0.7,0.994,2.09
2021-02-02,1118.0,0.73,0.98,2.069
2021-02-03,1116.6,0.73,0.978,2.064
2021-02-04,1114.0,0.73,0.984,2.065
2021-02-05,1116.7,0.73,0.982,2.061
2021-02-08,1124.0,0.73,1.001,2.07
2021-02-09,1119.1,0.73,0.99,2.054
2021-02-10,1116.0,0.73,0.995,2.055
2021-02-15,1110.1,0.73,0.998,2.056
2021-02-16,1103.1,0.74,0.984,2.041
2021-02-17,1099.7,0.74,0.986,2.043
2021-02-18,1107.7,0.74,0.985,2.039
2021-02-19,1105.7,0.74,0.996,2.043
2021-02-22,1107.1,0.74,1.02,2.059
2021-02-23,1106.5,0.74,1.02,2.054
2021-02-24,1110.8,0.74,1.006,2.032
2021-02-25,1110.2,0.74,0.995,2.035
2021-02-26,1108.4,0.74,1.02,2.054
2021-03-02,1121.8,0.74,1.021,2.054
2021-03-03,1121.3,0.74,1.019,2.051
2021-03-04,1122.9,0.74,1.03,2.058
2021-03-05,1126.2,0.74,1.066,2.08
2021-03-08,1129.4,0.74,1.139,2.117
2021-03-09,1131.3,0.75,1.206,2.159
2021-03-10,1141.1,0.75,1.182,2.134
2021-03-11,1140.7,0.75,1.179,2.123
2021-03-12,1137.3,0.75,1.223,2.149
2021-03-15,1130.7,0.75,1.238,2.153
2021-03-16,1135.9,0.75,1.177,2.114
2021-03-17,1132.5,0.75,1.177,2.115
2021-03-18,1131.8,0.75,1.133,2.083
2021-03-19,1123.7,0.75,1.146,2.092
2021-03-22,1131.8,0.75,1.13,2.079
2021-03-23,1131.3,0.75,1.132,2.076
2021-03-24,1128.0,0.75,1.115,2.059
2021-03-25,1133.5,0.75,1.089,2.045
2021-03-26,1134.2,0.75,1.117,2.059
2021-03-29,1131.8,0.75,1.119,2.059
2021-03-30,1131.7,0.75,1.155,2.078
2021-03-31,1133.5,0.75,1.133,2.06
2021-04-01,1132.6,0.75,1.138,2.063
2021-04-02,1129.3,0.75,1.151,2.067
2021-04-05,1127.5,0.75,1.202,2.095
2021-04-06,1127.8,0.75,1.181,2.078
2021-04-07,1122.9,0.75,1.181,2.073
2021-04-08,1116.4,0.75,1.152,2.051
2021-04-09,1118.5,0.75,1.168,2.056
2021-04-12,1117.2,0.75,1.14,2.031
2021-04-13,1124.3,0.73,1.138,2.029
2021-04-14,1126.1,0.73,1.102,2.003
2021-04-15,1119.9,0.73,1.147,2.027
2021-04-16,1117.6,0.73,1.154,2.029
2021-04-19,1117.9,0.73,1.129,1.914
2021-04-20,1118.2,0.73,1.134,1.918
2021-04-21,1113.4,0.73,1.11,1.899
2021-04-22,1117.4,0.73,1.105,1.896
2021-04-23,1116.3,0.73,1.12,1.907
2021-04-26,1118.9,0.73,1.119,1.903
2021-04-27,1114.0,0.73,1.097,1.885
2021-04-28,1110.8,0.73,1.105,1.89
2021-04-29,1112.5,0.73,1.121,1.9
2021-04-30,1107.4,0.73,1.141,1.914
2021-05-03,1109.6,0.73,1.149,1.917
2021-05-04,1119.3,0.73,1.158,1.92
2021-05-06,1121.1,0.73,1.14,1.9
2021-05-07,1125.5,0.72,1.137,1.9
2021-05-10,1121.4,0.71,1.136,1.899
2021-05-11,1114.6,0.69,1.128,1.892
2021-05-12,1119.1,0.69,1.121,1.888
2021-05-13,1123.5,0.67,1.123,1.888
2021-05-14,1130.6,0.67,1.116,1.882
2021-05-17,1129.5,0.67,1.107,1.872
2021-05-18,1133.0,0.67,1.099,1.865
2021-05-20,1133.1,0.66,1.103,1.869
2021-05-21,1132.2,0.66,1.095,1.861
2021-05-24,1126.9,0.66,1.116,1.876
2021-05-25,1127.6,0.66,1.142,1.89
2021-05-26,1122.8,0.66,1.161,1.902
2021-05-27,1118.6,0.66,1.124,1.867
2021-05-28,1118.0,0.66,1.162,1.899
2021-05-31,1116.0,0.66,1.227,1.945
2021-06-01,1113.5,0.66,1.213,1.929
2021-06-02,1107.0,0.66,1.206,1.924
2021-06-03,1110.3,0.66,1.191,1.911
2021-06-04,1111.8,0.66,1.22,1.931
2021-06-07,1117.5,0.66,1.201,1.911
2021-06-08,1111.2,0.66,1.174,1.891
2021-06-09,1113.7,0.66,1.137,1.866
2021-06-10,1115.8,0.66,1.282,1.88
2021-06-11,1115.0,0.66,1.276,1.872
2021-06-14,1111.2,0.66,1.287,1.881
2021-06-15,1116.4,0.66,1.307,1.896
2021-06-16,1117.8,0.66,1.286,1.879
2021-06-17,1117.7,0.66,1.327,1.9
2021-06-18,1129.5,0.66,1.313,1.888
2021-06-21,1132.2,0.66,1.351,1.906
2021-06-22,1135.4,0.66,1.331,1.889
2021-06-23,1132.4,0.66,1.338,1.893
2021-06-24,1135.6,0.67,1.384,1.929
2021-06-25,1135.8,0.67,1.441,1.969
2021-06-28,1128.8,0.67,1.47,1.993
2021-06-29,1129.9,0.68,1.459,1.977
2021-06-30,1130.0,0.68,1.448,1.966
2021-07-01,1129.5,0.69,1.469,1.975
2021-07-02,1132.2,0.69,1.484,1.984
2021-07-05,1134.5,0.69,1.462,1.962
2021-07-06,1130.3,0.69,1.465,1.964
2021-07-07,1131.8,0.69,1.41,1.915
2021-07-08,1137.6,0.69,1.358,1.865
2021-07-09,1143.4,0.68,1.375,1.874
2021-07-12,1148.3,0.68,1.384,1.877
2021-07-13,1146.4,0.69,1.424,1.896
2021-07-14,1145.1,0.69,1.39,1.869
2021-07-15,1150.3,0.69,1.497,1.938
2021-07-16,1143.7,0.7,1.451,1.908
2021-07-19,1141.1,0.7,1.459,1.908
2021-07-20,1145.7,0.7,1.41,1.864
2021-07-21,1151.0,0.7,1.383,1.835
2021-07-22,1150.6,0.7,1.397,1.843
2021-07-23,1151.0,0.7,1.393,1.841
2021-07-26,1149.5,0.7,1.369,1.821
2021-07-27,1153.2,0.7,1.38,1.83
2021-07-28,1150.2,0.7,1.419,1.853
2021-07-29,1154.8,0.7,1.431,1.862
2021-07-30,1147.4,0.7,1.417,1.847
2021-08-02,1147.5,0.7,1.435,1.858
2021-08-03,1151.5,0.7,1.442,1.863
2021-08-04,1150.7,0.7,1.418,1.841
2021-08-05,1145.8,0.7,1.414,1.836
2021-08-06,1143.5,0.7,1.433,1.855
2021-08-09,1142.3,0.7,1.436,1.859
2021-08-10,1145.0,0.71,1.432,1.855
2021-08-11,1148.5,0.71,1.419,1.845
2021-08-12,1155.0,0.72,1.413,1.84
2021-08-13,1158.9,0.73,1.407,1.834
2021-08-17,1167.8,0.74,1.402,1.83
2021-08-18,1174.9,0.75,1.389,1.817
2021-08-19,1172.7,0.76,1.36,1.79
2021-08-20,1174.5,0.76,1.364,1.794
2021-08-23,1176.7,0.77,1.389,1.82
2021-08-24,1174.0,0.77,1.438,1.862
2021-08-25,1168.0,0.77,1.435,1.863
2021-08-26,1166.5,0.92,1.398,1.836
2021-08-27,1168.1,0.92,1.408,1.842
2021-08-30,1170.8,0.92,1.398,1.832
2021-08-31,1164.4,0.92,1.395,1.829
2021-09-01,1162.8,0.92,1.417,1.848
2021-09-02,1157.5,0.92,1.422,1.855
2021-09-03,1159.7,0.92,1.437,1.865
2021-09-06,1156.4,0.92,1.459,1.881
2021-09-07,1157.3,0.92,1.464,1.888
2021-09-08,1157.9,0.92,1.489,1.908
2021-09-09,1164.5,0.93,1.499,1.921
2021-09-10,1170.1,0.96,1.501,1.936
2021-09-13,1170.4,1.0,1.525,1.962
2021-09-14,1174.3,1.0,1.535,1.975
2021-09-15,1172.2,1.01,1.492,1.942
2021-09-16,1171.7,1.01,1.51,1.958
2021-09-17,1169.1,1.01,1.535,1.978
2021-09-23,1177.6,1.02,1.558,1.996
2021-09-24,1181.7,1.02,1.575,2.017
2021-09-27,1175.3,1.03,1.566,2.015
2021-09-28,1175.9,1.04,1.609,2.061
2021-09-29,1182.0,1.04,1.603,2.057
2021-09-30,1184.9,1.04,1.593,2.049
2021-10-01,1185.2,1.04,1.633,2.087
2021-10-05,1187.2,1.04,1.65,2.101
2021-10-06,1187.1,1.05,1.719,2.171
2021-10-07,1190.0,1.05,1.704,2.158
2021-10-08,1190.3,1.05,1.701,2.156
2021-10-12,1193.4,1.06,1.815,2.262
2021-10-13,1199.1,1.07,1.824,2.27
2021-10-14,1195.0,1.07,1.813,2.261
2021-10-15,1188.3,1.07,1.795,2.249
2021-10-18,1182.8,1.08,1.875,2.333
2021-10-19,1185.8,1.09,1.866,2.325
2021-10-20,1181.7,1.09,1.847,2.318
2021-10-21,1175.6,1.09,1.836,2.31
2021-10-22,1175.8,1.09,1.889,2.362
2021-10-25,1178.4,1.09,1.919,2.387
2021-10-26,1171.8,1.09,1.947,2.423
2021-10-27,1166.3,1.1,2.044,2.506
2021-10-28,1168.1,1.1,2.017,2.487
2021-10-29,1171.7,1.12,2.103,2.573
2021-11-01,1169.6,1.12,2.108,2.58
2021-11-02,1176.3,1.12,2.038,2.542
2021-11-03,1175.5,1.12,2.036,2.539
2021-11-04,1181.1,1.13,2.04,2.544
2021-11-05,1180.0,1.13,1.944,2.468
2021-11-08,1185.2,1.14,1.906,2.438
2021-11-09,1184.3,1.14,1.865,2.403
2021-11-10,1178.4,1.15,1.877,2.417
2021-11-11,1181.0,1.15,1.913,2.453
2021-11-12,1184.7,1.15,1.968,2.499
2021-11-15,1179.6,1.15,1.912,2.457
2021-11-16,1180.2,1.15,1.963,2.505
2021-11-17,1179.6,1.15,1.974,2.517
2021-11-18,1183.6,1.15,1.953,2.501
2021-11-19,1180.5,1.17,1.966,2.513
2021-11-22,1183.5,1.18,2.018,2.563
2021-11-23,1187.4,1.19,2.031,2.582
2021-11-24,1188.9,1.2,2.013,2.569
2021-11-25,1188.5,1.25,1.933,2.499
2021-11-26,1189.7,1.25,1.863,2.433
2021-11-29,1193.0,1.25,1.844,2.418
2021-11-30,1193.4,1.26,1.799,2.373
2021-12-01,1187.7,1.26,1.813,2.385
2021-12-02,1180.3,1.26,1.845,2.406
2021-12-03,1177.3,1.27,1.9,2.464
2021-12-06,1178.6,1.27,1.865,2.436
2021-12-07,1183.7,1.27,1.872,2.446
2021-12-08,1181.2,1.27,1.831,2.409
2021-12-09,1176.4,1.27,1.794,2.385
2021-12-10,1173.8,1.27,1.805,2.399
2021-12-13,1178.2,1.27,1.79,2.402
2021-12-14,1178.8,1.27,1.784,2.402
2021-12-15,1183.6,1.27,1.808,2.43
2021-12-16,1186.2,1.27,1.766,2.398
2021-12-17,1183.5,1.27,1.767,2.398
2021-12-20,1184.4,1.27,1.74,2.372
2021-12-21,1189.8,1.27,1.72,2.355
2021-12-22,1191.5,1.27,1.757,2.392
2021-12-23,1191.2,1.27,1.805,2.441
2021-12-24,1187.5,1.27,1.798,2.438
2021-12-27,1186.4,1.28,1.776,2.411
2021-12-28,1186.2,1.28,1.786,2.417
2021-12-29,1186.7,1.28,1.783,2.409
2021-12-30,1186.6,1.29,1.799,2.417
2021-12-31,1185.5,1.29,1.798,2.415
2022-01-03,1185.5,1.3,1.855,2.46
2022-01-04,1190.8,1.3,1.868,2.474
2022-01-05,1194.3,1.3,1.913,2.506
2022-01-06,1198.2,1.3,2.013,2.59
2022-01-07,1199.6,1.3,2.015,2.593
2022-01-10,1202.4,1.3,2.058,2.624
2022-01-11,1200.0,1.3,2.038,2.611
2022-01-12,1195.2,1.31,1.998,2.576
2022-01-13,1189.9,1.35,1.953,2.537
2022-01-14,1188.2,1.43,2.044,2.6
2022-01-17,1187.6,1.44,2.148,2.699
2022-01-18,1192.3,1.45,2.127,2.685
2022-01-19,1188.9,1.46,2.073,2.645
2022-01-20,1191.8,1.46,2.119,2.684
2022-01-21,1190.4,1.46,2.132,2.693
2022-01-24,1193.6,1.46,2.112,2.675
2022-01-25,1194.2,1.48,2.174,2.725
2022-01-26,1197.8,1.49,2.156,2.713
2022-01-27,1197.0,1.5,2.217,2.781
2022-01-28,1202.4,1.5,2.189,2.765
2022-02-03,1205.7,1.5,2.158,2.733
2022-02-04,1205.4,1.5,2.194,2.771
2022-02-07,1199.5,1.5,2.237,2.815
2022-02-08,1199.4,1.5,2.303,2.867
2022-02-09,1197.8,1.5,2.279,2.857
2022-02-10,1196.0,1.5,2.264,2.85
2022-02-11,1196.0,1.5,2.343,2.921
2022-02-14,1199.6,1.5,2.347,2.926
2022-02-15,1198.3,1.5,2.345,2.928
2022-02-16,1198.5,1.5,2.325,2.913
2022-02-17,1196.9,1.5,2.295,2.895
2022-02-18,1197.1,1.5,2.322,2.916
2022-02-21,1196.4,1.5,2.363,2.949
2022-02-22,1194.6,1.5,2.327,2.916
2022-02-23,1194.7,1.5,2.317,2.913
2022-02-24,1192.1,1.5,2.226,2.83
2022-02-25,1199.4,1.5,2.244,2.854
2022-02-28,1202.7,1.5,2.242,2.855
2022-03-02,1205.6,1.5,2.187,2.813
2022-03-03,1205.0,1.5,2.195,2.835
2022-03-04,1203.6,1.5,2.214,2.848
2022-03-07,1211.5,1.5,2.288,2.922
2022-03-08,1225.4,1.5,2.287,2.931
2022-03-10,1234.5,1.5,2.267,2.933
2022-03-11,1228.7,1.5,2.255,2.92
2022-03-14,1232.4,1.5,2.283,2.947
2022-03-15,1238.6,1.5,2.285,2.965
2022-03-16,1241.7,1.5,2.268,2.948
2022-03-17,1240.4,1.5,2.217,2.902
2022-03-18,1220.6,1.5,2.231,2.911
2022-03-21,1211.1,1.5,2.268,2.944
2022-03-22,1213.7,1.5,2.399,3.045
2022-03-23,1221.4,1.5,2.426,3.073
2022-03-24,1212.7,1.51,2.455,3.104
2022-03-25,1219.4,1.51,2.505,3.163
2022-03-28,1218.3,1.51,2.747,3.394
2022-03-29,1225.7,1.51,2.7,3.361
2022-03-30,1220.5,1.51,2.615,3.291
2022-03-31,1210.8,1.51,2.663,3.34
2022-04-01,1210.7,1.51,2.784,3.458
2022-04-04,1216.1,1.51,2.837,3.499
2022-04-05,1216.7,1.51,2.879,3.542
2022-04-06,1212.6,1.51,2.941,3.592
2022-04-07,1219.1,1.51,2.905,3.562
2022-04-08,1218.5,1.51,2.987,3.636
2022-04-11,1224.0,1.51,3.186,3.813
2022-04-12,1232.0,1.51,3.105,3.774
2022-04-13,1236.6,1.51,3.001,3.688
2022-04-14,1227.7,1.72,2.888,3.583
2022-04-15,1224.2,1.72,2.944,3.64
2022-04-18,1230.1,1.72,2.99,3.689
2022-04-19,1232.8,1.72,2.981,3.671
2022-04-20,1234.9,1.72,2.957,3.662
2022-04-21,1237.1,1.72,2.927,3.647
2022-04-22,1236.4,1.72,2.971,3.688
2022-04-25,1241.7,1.72,2.857,3.602
2022-04-26,1247.1,1.72,2.83,3.584
2022-04-27,1248.3,1.72,2.899,3.595
2022-04-28,1263.1,1.72,2.925,3.636
2022-04-29,1269.4,1.72,2.958,3.68
2022-05-02,1265.4,1.72,3.086,3.794
2022-05-03,1265.8,1.72,3.139,3.855
2022-05-04,1265.7,1.72,3.178,3.887
2022-05-06,1261.8,1.72,3.146,3.873
2022-05-09,1272.7,1.72,3.062,3.8
2022-05-10,1274.6,1.72,3.046,3.783
2022-05-11,1275.5,1.72,2.928,3.691
2022-05-12,1277.0,1.72,2.9,3.657
2022-05-13,1286.4,1.72,2.911,3.673
2022-05-16,1286.0,1.72,3.046,3.781
2022-05-17,1281.6,1.72,3.031,3.784
2022-05-18,1277.2,1.72,3.069,3.832
2022-05-19,1269.3,1.72,3.046,3.821
2022-05-20,1274.6,1.72,3.011,3.784
2022-05-23,1269.5,1.75,3.018,3.796
2022-05-24,1267.7,1.75,2.967,3.742
2022-05-25,1264.3,1.75,2.946,3.72
2022-05-26,1263.3,1.96,2.955,3.733
2022-05-27,1266.4,1.96,2.947,3.728
2022-05-30,1256.9,1.96,2.942,3.724
2022-05-31,1245.8,1.96,3.027,3.807
2022-06-02,1238.4,1.96,3.125,3.897
2022-06-03,1251.2,1.96,3.121,3.896
2022-06-07,1241.1,1.96,3.232,4.001
2022-06-08,1257.1,1.96,3.209,3.982
2022-06-09,1255.4,1.96,3.171,3.958
2022-06-10,1257.6,1.96,3.275,3.996
2022-06-13,1266.0,1.96,3.514,4.222
2022-06-14,1286.0,1.97,3.548,4.27
2022-06-15,1289.7,1.97,3.666,4.371
2022-06-16,1291.3,1.99,3.728,4.437
2022-06-17,1284.1,1.99,3.745,4.468
2022-06-20,1287.5,1.99,3.675,4.414
2022-06-21,1291.7,1.99,3.663,4.402
2022-06-22,1290.6,2.0,3.522,4.275
2022-06-23,1295.7,2.0,3.608,4.363
2022-06-24,1300.7,2.0,3.523,4.297
2022-06-27,1299.4,2.0,3.568,4.344
2022-06-28,1285.6,2.02,3.552,4.339
2022-06-29,1284.9,2.04,3.552,4.359
2022-06-30,1292.9,2.04,3.55,4.361
2022-07-01,1299.8,2.05,3.439,4.257
2022-07-04,1294.2,2.05,3.43,4.247
2022-07-05,1297.9,2.05,3.301,4.128
2022-07-06,1298.0,2.05,3.239,4.086
2022-07-07,1307.4,2.05,3.262,4.113
2022-07-08,1302.7,2.05,3.315,4.186
2022-07-11,1299.3,2.12,3.324,4.198
2022-07-12,1300.6,2.14,3.291,4.158
2022-07-13,1312.9,2.57,3.211,4.094
2022-07-14,1305.9,2.58,3.26,4.139
2022-07-15,1310.0,2.58,3.205,4.091
2022-07-18,1323.7,2.58,3.212,4.104
2022-07-19,1317.8,2.58,3.192,4.092
2022-07-20,1314.9,2.58,3.296,4.197
2022-07-21,1308.6,2.58,3.294,4.202
2022-07-22,1312.1,2.58,3.218,4.135
2022-07-25,1311.7,2.59,3.153,4.082
2022-07-26,1311.0,2.61,3.121,4.063
2022-07-27,1310.0,2.68,3.09,4.033
2022-07-28,1312.8,2.74,3.13,4.082
2022-07-29,1304.0,2.73,3.009,3.969
2022-08-01,1298.6,2.73,3.081,4.043
2022-08-02,1306.4,2.73,3.012,3.983
2022-08-03,1307.2,2.73,3.065,4.045
2022-08-04,1310.5,2.74,3.114,4.091
2022-08-05,1309.7,2.74,3.079,4.056
2022-08-08,1299.3,2.75,3.134,4.113
2022-08-09,1304.8,2.75,3.134,4.119
2022-08-10,1305.1,2.76,3.154,4.133
2022-08-11,1309.1,2.76,3.124,4.111
2022-08-12,1302.5,2.76,3.181,4.159
2022-08-16,1303.1,2.76,3.078,4.057
2022-08-17,1309.6,2.76,3.087,4.076
2022-08-18,1309.8,2.76,3.125,4.114
2022-08-19,1317.3,2.76,3.197,4.186
2022-08-22,1326.7,2.76,3.245,4.235
2022-08-23,1338.2,2.76,3.281,4.27
2022-08-24,1341.8,2.76,3.311,4.298
2022-08-25,1341.4,2.92,3.531,4.507
2022-08-26,1336.9,2.92,3.525,4.499
2022-08-29,1332.5,2.92,3.653,4.621
2022-08-30,1347.7,2.92,3.642,4.618
2022-08-31,1347.5,2.92,3.685,4.658
2022-09-01,1345.1,2.92,3.778,4.747
2022-09-02,1351.4,2.93,3.678,4.655
2022-09-05,1356.5,2.93,3.616,4.596
2022-09-06,1369.7,2.93,3.682,4.662
2022-09-07,1370.3,2.93,3.685,4.668
2022-09-08,1385.3,2.93,3.543,4.541
2022-09-13,1381.2,2.93,3.536,4.525
2022-09-14,1374.8,2.94,3.585,4.579
2022-09-15,1391.7,2.96,3.77,4.759
2022-09-16,1394.2,2.97,3.767,4.758
2022-09-19,1394.2,2.99,3.759,4.751
2022-09-20,1390.1,3.0,3.823,4.806
2022-09-21,1389.1,3.02,3.847,4.843
2022-09-22,1393.6,3.04,4.104,5.092
2022-09-23,1408.0,3.07,4.199,5.189
2022-09-26,1408.4,3.09,4.548,5.528
2022-09-27,1429.7,3.12,4.304,5.308
2022-09-28,1427.2,3.14,4.338,5.342
2022-09-29,1436.5,3.2,4.303,5.378
2022-09-30,1434.8,3.24,4.186,5.28
2022-10-04,1432.1,3.28,4.081,5.175
2022-10-05,1431.2,3.32,4.157,5.242
2022-10-06,1419.1,3.32,4.145,5.231
2022-10-07,1404.2,3.32,4.276,5.358
2022-10-11,1410.3,3.32,4.342,5.436
2022-10-12,1433.5,3.63,4.107,5.21
2022-10-13,1430.4,3.66,4.203,5.31
2022-10-14,1427.0,3.66,4.207,5.32
2022-10-17,1428.9,3.7,4.239,5.373
2022-10-18,1436.6,3.76,4.242,5.408
2022-10-19,1425.6,3.81,4.331,5.533
2022-10-20,1420.6,3.85,4.35,5.588
2022-10-21,1431.7,3.9,4.495,5.736
2022-10-24,1436.6,3.92,4.305,5.592
2022-10-25,1436.6,3.93,4.221,5.528
2022-10-26,1436.5,3.94,4.208,5.553
2022-10-27,1428.2,3.94,4.254,5.62
2022-10-28,1418.1,3.95,4.112,5.487
2022-10-31,1419.3,3.96,4.185,5.58
2022-11-01,1422.2,3.97,4.068,5.486
2022-11-02,1421.7,3.97,4.095,5.533
2022-11-03,1418.0,3.97,4.158,5.616
2022-11-04,1422.1,3.97,4.118,5.591
2022-11-07,1422.4,3.97,4.186,5.662
2022-11-08,1406.5,3.97,4.156,5.642
2022-11-09,1387.3,3.97,4.086,5.594
2022-11-10,1368.3,3.97,4.033,5.551
2022-11-11,1370.1,3.97,3.834,5.361
2022-11-14,1334.1,3.97,3.85,5.42
2022-11-15,1320.3,3.97,3.753,5.346
2022-11-16,1322.4,3.97,3.808,5.416
2022-11-17,1325.6,3.99,3.804,5.427
2022-11-18,1338.4,3.99,3.787,5.429
2022-11-21,1340.0,4.01,3.837,5.492
2022-11-22,1352.3,4.02,3.844,5.516
2022-11-23,1355.7,4.02,3.849,5.536
2022-11-24,1352.3,4.03,3.689,5.402
2022-11-25,1333.2,4.03,3.644,5.376
2022-11-28,1326.8,4.03,3.669,5.405
2022-11-29,1339.0,4.03,3.723,5.468
2022-11-30,1331.5,4.03,3.689,5.445
2022-12-01,1320.1,4.03,3.65,5.422
2022-12-02,1300.8,4.03,3.616,5.386
2022-12-05,1300.4,4.03,3.609,5.37
2022-12-06,1293.2,4.03,3.633,5.387
2022-12-07,1309.0,4.03,3.672,5.411
2022-12-08,1319.5,4.03,3.676,5.412
2022-12-09,1320.4,4.03,3.657,5.391
2022-12-12,1306.6,4.03,3.623,5.383
2022-12-13,1310.0,4.03,3.623,5.374
2022-12-14,1304.4,4.03,3.53,5.272
2022-12-15,1296.0,4.03,3.536,5.263
2022-12-16,1301.0,4.03,3.539,5.227
2022-12-19,1310.1,4.03,3.545,5.217
2022-12-20,1302.0,4.03,3.685,5.333
2022-12-21,1298.0,4.03,3.638,5.272
2022-12-22,1286.6,4.03,3.567,5.192
2022-12-23,1276.1,4.03,3.623,5.215
2022-12-26,1282.2,4.03,3.663,5.235
2022-12-27,1276.4,3.98,3.662,5.219
2022-12-28,1268.3,3.98,3.668,5.203
2022-12-29,1268.4,3.98,3.719,5.238
2022-12-30,1267.3,3.98,3.722,5.231
2023-01-02,1267.3,3.98,3.782,5.262
2023-01-03,1268.9,3.96,3.661,5.131
2023-01-04,1272.1,3.96,3.632,5.078
2023-01-05,1274.7,3.96,3.644,5.06
2023-01-06,1270.3,3.92,3.681,5.062
2023-01-09,1267.2,3.92,3.577,4.93
2023-01-10,1246.8,3.9,3.556,4.887
2023-01-11,1240.8,3.88,3.472,4.784
2023-01-12,1245.3,3.87,3.466,4.73
2023-01-13,1244.6,3.88,3.369,4.62
2023-01-16,1240.6,3.79,3.454,4.661
2023-01-17,1234.0,3.74,3.484,4.677
2023-01-18,1238.5,3.7,3.39,4.56
2023-01-19,1239.8,3.68,3.248,4.403
2023-01-20,1236.0,3.67,3.33,4.453
2023-01-25,1234.4,3.66,3.285,4.4
2023-01-26,1233.4,3.65,3.273,4.361
2023-01-27,1231.4,3.64,3.304,4.364
2023-01-30,1230.2,3.63,3.271,4.31
2023-01-31,1228.7,3.63,3.325,4.344
2023-02-01,1230.8,3.59,3.263,4.268
2023-02-02,1231.4,3.52,3.183,4.177
2023-02-03,1219.3,3.49,3.11,4.081
2023-02-06,1227.2,3.47,3.283,4.237
2023-02-07,1247.5,3.46,3.315,4.244
2023-02-08,1256.0,3.46,3.339,4.244
2023-02-09,1257.1,3.46,3.401,4.254
2023-02-10,1263.1,3.47,3.398,4.231
2023-02-13,1264.3,3.48,3.452,4.252
2023-02-14,1274.6,3.48,3.429,4.207
2023-02-15,1269.9,3.49,3.502,4.255
2023-02-16,1279.3,3.5,3.504,4.239
2023-02-17,1283.7,3.52,3.639,4.345
2023-02-20,1297.7,3.53,3.677,4.369
2023-02-21,1295.8,3.54,3.623,4.324
2023-02-22,1295.8,3.56,3.645,4.342
2023-02-23,1303.8,3.59,3.599,4.311
2023-02-24,1299.6,3.59,3.555,4.255
2023-02-27,1300.5,3.59,3.683,4.366
2023-02-28,1317.4,3.59,3.797,4.484
2023-03-02,1319.2,3.61,3.878,4.558
2023-03-03,1310.4,3.61,3.791,4.471
2023-03-06,1304.8,3.61,3.774,4.458
2023-03-07,1296.7,3.61,3.726,4.41
2023-03-08,1299.1,3.61,3.855,4.534
2023-03-09,1319.5,3.61,3.858,4.54
2023-03-10,1319.7,3.61,3.703,4.396
2023-03-13,1325.7,3.61,3.435,4.149
2023-03-14,1307.3,3.61,3.381,4.085
2023-03-15,1304.9,3.61,3.473,4.169
2023-03-16,1302.0,3.62,3.4,4.098
2023-03-17,1312.1,3.62,3.415,4.11
2023-03-20,1303.6,3.62,3.264,3.986
2023-03-21,1308.4,3.62,3.294,4.016
2023-03-22,1307.8,3.62,3.284,4.014
2023-03-23,1307.1,3.62,3.206,3.97
2023-03-24,1287.2,3.59,3.16,3.928
2023-03-27,1289.7,3.59,3.22,3.989
2023-03-28,1300.3,3.59,3.258,4.029
2023-03-29,1297.4,3.59,3.249,4.027
2023-03-30,1299.3,3.59,3.24,4.035
2023-03-31,1303.8,3.59,3.27,4.074
2023-04-03,1295.4,3.59,3.342,4.139
2023-04-04,1316.3,3.59,3.279,4.081
2023-04-05,1310.3,3.59,3.264,4.072
2023-04-06,1311.9,3.58,3.211,4.022
2023-04-07,1318.7,3.53,3.24,4.049
2023-04-10,1318.9,3.51,3.192,4.004
2023-04-11,1320.0,3.48,3.231,4.041
2023-04-12,1319.5,3.43,3.233,4.042
2023-04-13,1324.2,3.43,3.199,4.009
2023-04-14,1318.0,3.43,3.215,4.022
2023-04-17,1299.3,3.43,3.287,4.092
2023-04-18,1311.3,3.44,3.294,4.101
2023-04-19,1318.8,3.45,3.337,4.146
2023-04-20,1318.8,3.47,3.334,4.146
2023-04-21,1327.6,3.49,3.267,4.083
2023-04-24,1327.9,3.49,3.23,4.051
2023-04-25,1332.7,3.49,3.265,4.076
2023-04-26,1333.3,3.5,3.259,4.069
2023-04-27,1337.3,3.52,3.288,4.094
2023-04-28,1339.9,3.52,3.293,4.105
2023-05-02,1339.1,3.53,3.335,4.14
2023-05-03,1340.2,3.55,3.281,4.094
2023-05-04,1339.1,3.55,3.21,4.03
2023-05-08,1325.6,3.55,3.261,4.079
2023-05-09,1322.7,3.55,3.256,4.069
2023-05-10,1323.0,3.59,3.273,4.086
2023-05-11,1324.2,3.6,3.22,4.032
2023-05-12,1320.3,3.61,3.225,4.035
2023-05-15,1333.6,3.62,3.279,4.089
2023-05-16,1337.8,3.62,3.242,4.056
2023-05-17,1336.0,3.65,3.274,4.084
2023-05-18,1339.4,3.66,3.316,4.123
2023-05-19,1332.7,3.67,3.34,4.148
2023-05-22,1331.2,3.68,3.321,4.127
2023-05-23,1319.1,3.7,3.373,4.181
2023-05-24,1311.4,3.73,3.378,4.183
2023-05-25,1317.5,3.75,3.48,4.28
2023-05-26,1323.4,3.75,3.524,4.328
2023-05-30,1325.6,3.76,3.56,4.359
2023-05-31,1322.2,3.76,3.459,4.262
2023-06-01,1321.6,3.76,3.478,4.285
2023-06-02,1320.7,3.76,3.436,4.244
2023-06-05,1308.8,3.76,3.502,4.307
2023-06-07,1308.3,3.75,3.471,4.273
2023-06-08,1300.5,3.75,3.543,4.344
2023-06-09,1306.1,3.75,3.506,4.309
2023-06-12,1294.9,3.75,3.493,4.302
2023-06-13,1291.1,3.75,3.484,4.297
2023-06-14,1277.5,3.75,3.545,4.356
2023-06-15,1275.9,3.75,3.626,4.437
2023-06-16,1280.1,3.75,3.585,4.395
2023-06-19,1273.5,3.75,3.583,4.39
2023-06-20,1280.7,3.75,3.567,4.38
2023-06-21,1282.2,3.75,3.571,4.378
2023-06-22,1291.5,3.75,3.592,4.4
2023-06-23,1291.4,3.75,3.609,4.419
2023-06-26,1302.2,3.75,3.568,4.375
2023-06-27,1303.8,3.75,3.538,4.348
2023-06-28,1303.1,3.75,3.557,4.365
2023-06-29,1304.3,3.75,3.584,4.391
2023-06-30,1312.8,3.75,3.662,4.473
2023-07-03,1319.4,3.75,3.613,4.421
2023-07-04,1310.0,3.74,3.619,4.429
2023-07-05,1301.7,3.74,3.618,4.425
2023-07-06,1300.8,3.74,3.676,4.475
2023-07-07,1303.8,3.75,3.735,4.534
2023-07-10,1307.3,3.75,3.795,4.594
2023-07-11,1303.8,3.75,3.703,4.502
2023-07-12,1295.0,3.75,3.704,4.512
2023-07-13,1291.4,3.75,3.602,4.408
2023-07-14,1276.2,3.75,3.614,4.42
2023-07-17,1265.8,3.75,3.611,4.414
2023-07-18,1266.1,3.75,3.596,4.398
2023-07-19,1261.6,3.75,3.543,4.341
2023-07-20,1265.4,3.75,3.581,4.379
2023-07-21,1265.8,3.75,3.602,4.399
2023-07-24,1281.7,3.75,3.617,4.41
2023-07-25,1283.8,3.75,3.645,4.435
2023-07-26,1280.7,3.75,3.627,4.413
2023-07-27,1278.7,3.74,3.587,4.374
2023-07-28,1273.4,3.74,3.635,4.423
2023-07-31,1280.0,3.74,3.681,4.467
2023-08-01,1273.8,3.74,3.647,4.435
2023-08-02,1280.7,3.74,3.677,4.466
2023-08-03,1293.0,3.73,3.714,4.496
2023-08-04,1298.8,3.72,3.738,4.519
2023-08-07,1303.9,3.72,3.689,4.468
2023-08-08,1304.1,3.7,3.647,4.424
2023-08-09,1312.6,3.7,3.672,4.448
2023-08-10,1318.3,3.68,3.687,4.464
2023-08-11,1317.3,3.69,3.698,4.475
2023-08-14,1321.1,3.69,3.747,4.52
2023-08-16,1331.3,3.7,3.712,4.488
2023-08-17,1338.3,3.7,3.788,4.561
2023-08-18,1341.6,3.7,3.729,4.501
2023-08-21,1336.9,3.7,3.795,4.563
2023-08-22,1341.5,3.7,3.802,4.569
2023-08-23,1338.7,3.69,3.771,4.536
2023-08-24,1338.0,3.69,3.759,4.524
2023-08-25,1324.0,3.69,3.789,4.554
2023-08-28,1326.6,3.69,3.759,4.524
2023-08-29,1322.5,3.69,3.74,4.503
2023-08-30,1322.0,3.69,3.732,4.496
2023-08-31,1321.4,3.69,3.711,4.473
2023-09-01,1322.3,3.68,3.689,4.447
2023-09-04,1319.2,3.69,3.738,4.498
2023-09-05,1319.3,3.7,3.765,4.527
2023-09-06,1324.3,3.71,3.765,4.521
2023-09-07,1332.6,3.72,3.847,4.599
2023-09-08,1334.7,3.72,3.795,4.552
2023-09-11,1333.4,3.72,3.865,4.622
2023-09-12,1332.4,3.73,3.863,4.621
2023-09-13,1326.1,3.75,3.853,4.617
2023-09-14,1327.8,3.76,3.836,4.596
2023-09-15,1326.1,3.78,3.85,4.608
2023-09-18,1327.6,3.79,3.891,4.648
2023-09-19,1326.0,3.8,3.887,4.641
2023-09-20,1323.7,3.81,3.89,4.645
2023-09-21,1329.3,3.82,3.93,4.689
2023-09-22,1339.1,3.83,3.876,4.65
2023-09-25,1337.6,3.83,3.876,4.64
2023-09-26,1333.7,3.83,3.891,4.654
2023-09-27,1344.8,3.83,3.884,4.658
2023-10-04,1351.3,3.84,4.108,4.871
2023-10-05,1360.6,3.83,4.081,4.855
2023-10-06,1349.4,3.82,4.015,4.796
2023-10-10,1348.3,3.82,3.997,4.777
2023-10-11,1348.3,3.82,3.953,4.735
2023-10-12,1339.6,3.82,3.932,4.719
2023-10-13,1339.9,3.82,3.957,4.748
2023-10-16,1349.4,3.82,3.973,4.769
2023-10-17,1353.8,3.82,3.991,4.787
2023-10-18,1351.9,3.82,4.031,4.83
2023-10-19,1351.7,3.82,4.07,4.872
2023-10-20,1357.6,3.82,4.033,4.838
2023-10-23,1355.1,3.82,4.055,4.861
2023-10-24,1353.2,3.82,4.004,4.81
2023-10-25,1343.9,3.82,4.038,4.844
2023-10-26,1347.0,3.82,4.104,4.906
2023-10-27,1357.1,3.82,4.073,4.884
2023-10-30,1352.3,3.82,4.089,4.905
2023-10-31,1352.8,3.82,4.085,4.908
2023-11-01,1349.6,3.83,4.071,4.9
2023-11-02,1356.9,3.83,3.979,4.811
2023-11-03,1343.2,3.83,3.949,4.789
2023-11-06,1325.8,3.83,3.877,4.721
2023-11-07,1303.2,3.83,3.887,4.731
2023-11-08,1306.1,3.83,3.868,4.715
2023-11-09,1305.5,3.83,3.847,4.695
2023-11-10,1309.0,3.83,3.862,4.711
2023-11-13,1316.7,3.83,3.877,4.727
2023-11-14,1322.7,3.83,3.857,4.704
2023-11-15,1325.3,3.83,3.744,4.591
2023-11-16,1302.0,3.83,3.701,4.541
2023-11-17,1303.9,3.83,3.681,4.504
2023-11-20,1294.4,3.83,3.667,4.469
2023-11-21,1292.4,3.83,3.644,4.436
2023-11-22,1287.7,3.83,3.666,4.45
2023-11-23,1295.7,3.84,3.644,4.418
2023-11-24,1298.7,3.84,3.677,4.443
2023-11-27,1302.1,3.84,3.689,4.448
2023-11-28,1304.7,3.84,3.648,4.397
2023-11-29,1294.0,3.84,3.554,4.297
2023-11-30,1289.0,3.84,3.583,4.319
2023-12-01,1290.4,3.84,3.587,4.309
2023-12-04,1303.2,3.84,3.531,4.252
2023-12-05,1301.8,3.84,3.484,4.197
2023-12-06,1311.7,3.84,3.463,4.17
2023-12-07,1312.4,3.84,3.511,4.211
2023-12-08,1322.7,3.84,3.461,4.167
2023-12-11,1307.9,3.84,3.48,4.196
2023-12-12,1318.3,3.84,3.446,4.171
2023-12-13,1315.7,3.84,3.465,4.186
2023-12-14,1316.5,3.83,3.258,3.98
2023-12-15,1295.6,3.83,3.281,4.01
2023-12-18,1294.7,3.83,3.277,4.005
2023-12-19,1298.7,3.83,3.296,4.022
2023-12-20,1304.7,3.83,3.232,3.975
2023-12-21,1300.2,3.83,3.236,3.975
2023-12-22,1303.8,3.83,3.234,3.972
2023-12-26,1300.7,3.83,3.221,3.962
2023-12-27,1296.8,3.83,3.22,3.958
2023-12-28,1294.4,3.83,3.154,3.898
2023-12-29,1289.4,3.83,3.154,3.898
2024-01-02,1289.4,3.83,3.24,3.98
2024-01-03,1299.3,3.83,3.278,4.017
2024-01-04,1308.8,3.82,3.227,3.977
2024-01-05,1310.2,3.81,3.283,4.032
2024-01-08,1313.7,3.81,3.297,4.045
2024-01-09,1314.8,3.8,3.255,4.004
2024-01-10,1312.1,3.79,3.269,4.017
2024-01-11,1320.1,3.78,3.227,3.976
2024-01-12,1316.0,3.77,3.204,3.953
2024-01-15,1314.1,3.74,3.191,3.939
2024-01-16,1319.3,3.72,3.235,3.982
2024-01-17,1329.0,3.71,3.277,4.025
2024-01-18,1343.2,3.69,3.285,4.034
2024-01-19,1342.4,3.68,3.307,4.058
2024-01-22,1336.5,3.68,3.278,4.03
2024-01-23,1334.7,3.68,3.286,4.041
2024-01-24,1336.0,3.68,3.3,4.051
2024-01-25,1339.1,3.68,3.313,4.061
2024-01-26,1335.7,3.68,3.263,4.01
2024-01-29,1336.6,3.68,3.304,4.051
2024-01-30,1336.9,3.68,3.268,4.009
2024-01-31,1330.6,3.68,3.261,4.002
2024-02-01,1333.5,3.68,3.267,4.001
2024-02-02,1332.5,3.68,3.248,3.982
2024-02-05,1325.1,3.67,3.312,4.047
2024-02-06,1334.6,3.67,3.292,4.028
2024-02-07,1329.6,3.67,3.286,4.019
2024-02-08,1325.3,3.67,3.305,4.034
2024-02-13,1327.2,3.67,3.353,4.074
2024-02-14,1328.4,3.68,3.425,4.141
2024-02-15,1336.9,3.68,3.405,4.117
2024-02-16,1333.2,3.68,3.405,4.115
2024-02-19,1333.0,3.69,3.397,4.102
2024-02-20,1333.8,3.69,3.405,4.105
2024-02-21,1337.9,3.7,3.402,4.09
2024-02-22,1335.0,3.7,3.342,4.023
2024-02-23,1331.0,3.7,3.374,4.045
2024-02-26,1329.3,3.7,3.34,4.005
2024-02-27,1331.4,3.7,3.364,4.025
2024-02-28,1331.3,3.7,3.359,4.015
2024-02-29,1334.0,3.69,3.385,4.037
2024-03-04,1334.1,3.68,3.36,4.008
2024-03-05,1330.1,3.68,3.349,3.992
2024-03-06,1333.2,3.68,3.325,3.962
2024-03-07,1335.7,3.68,3.321,3.959
2024-03-08,1329.6,3.68,3.271,3.91
2024-03-11,1323.1,3.67,3.275,3.914
2024-03-12,1314.4,3.66,3.273,3.917
2024-03-13,1311.1,3.65,3.251,3.899
2024-03-14,1312.8,3.64,3.273,3.922
2024-03-15,1316.9,3.64,3.308,3.953
2024-03-18,1328.4,3.64,3.348,3.993
2024-03-19,1333.0,3.64,3.383,4.022
2024-03-20,1338.5,3.64,3.371,4.006
2024-03-21,1338.7,3.65,3.306,3.942
2024-03-22,1326.3,3.65,3.284,3.918
2024-03-25,1336.1,3.65,3.29,3.915
2024-03-26,1340.7,3.64,3.301,3.923
2024-03-27,1338.6,3.63,3.288,3.903
2024-03-28,1345.8,3.64,3.293,3.903
2024-03-29,1346.8,3.64,3.322,3.926
2024-04-01,1347.4,3.63,3.291,3.896
2024-04-02,1347.1,3.63,3.333,3.926
2024-04-03,1353.0,3.62,3.341,3.927
2024-04-04,1349.1,3.62,3.338,3.919
2024-04-05,1346.8,3.58,3.329,3.902
2024-04-08,1351.8,3.56,3.383,3.945
2024-04-09,1353.6,3.57,3.391,3.953
2024-04-11,1354.4,3.57,3.466,4.016
2024-04-12,1363.7,3.56,3.403,3.961
2024-04-15,1371.6,3.56,3.44,3.983
2024-04-16,1383.7,3.56,3.469,4.01
2024-04-17,1395.3,3.55,3.475,4.007
2024-04-18,1386.3,3.55,3.427,3.96
2024-04-19,1375.9,3.55,3.468,3.982
2024-04-22,1385.0,3.56,3.512,4.019
2024-04-23,1380.6,3.56,3.489,3.992
2024-04-24,1377.9,3.56,3.509,4.004
2024-04-25,1370.0,3.57,3.543,4.029
2024-04-26,1376.6,3.57,3.531,4.012
2024-04-29,1375.9,3.57,3.552,4.024
2024-04-30,1378.7,3.57,3.529,3.995
2024-05-02,1378.0,3.57,3.509,3.972
2024-05-03,1378.5,3.58,3.5,3.958
2024-05-07,1365.2,3.58,3.448,3.912
2024-05-08,1357.8,3.58,3.439,3.901
2024-05-09,1364.4,3.58,3.453,3.913
2024-05-10,1367.9,3.58,3.44,3.894
2024-05-13,1367.9,3.59,3.452,3.904
2024-05-14,1370.1,3.6,3.454,3.9
2024-05-16,1369.0,3.6,3.375,3.82
2024-05-17,1349.4,3.6,3.379,3.825
2024-05-20,1355.2,3.6,3.412,3.853
2024-05-21,1356.2,3.6,3.411,3.853
2024-05-22,1364.4,3.6,3.409,3.848
2024-05-23,1363.1,3.6,3.402,3.84
2024-05-24,1364.5,3.6,3.423,3.861
2024-05-27,1370.0,3.61,3.413,3.851
2024-05-28,1365.4,3.62,3.394,3.828
2024-05-29,1359.5,3.61,3.425,3.855
2024-05-30,1364.8,3.6,3.44,3.867
2024-05-31,1376.5,3.61,3.452,3.871
2024-06-03,1381.6,3.61,3.434,3.853
2024-06-04,1377.6,3.6,3.39,3.81
2024-06-05,1373.1,3.6,3.345,3.771
2024-06-07,1371.5,3.6,3.308,3.736
2024-06-10,1366.9,3.6,3.353,3.782
2024-06-11,1377.9,3.6,3.341,3.775
2024-06-12,1377.4,3.6,3.307,3.745
2024-06-13,1377.8,3.6,3.277,3.718
2024-06-14,1371.0,3.6,3.252,3.694
2024-06-17,1377.7,3.6,3.212,3.662
2024-06-18,1380.4,3.6,3.214,3.666
2024-06-19,1380.5,3.6,3.162,3.62
2024-06-20,1380.8,3.6,3.196,3.648
2024-06-21,1383.8,3.6,3.176,3.637
2024-06-24,1389.1,3.6,3.194,3.656
2024-06-25,1389.7,3.6,3.201,3.662
2024-06-26,1386.4,3.6,3.215,3.676
2024-06-27,1390.1,3.6,3.22,3.684
2024-06-28,1389.2,3.6,3.182,3.658
2024-07-01,1382.4,3.6,3.21,3.681
2024-07-02,1380.8,3.6,3.169,3.634
2024-07-03,1387.4,3.58,3.16,3.624
2024-07-04,1389.4,3.58,3.128,3.591
2024-07-05,1381.9,3.57,3.115,3.582
2024-07-08,1379.0,3.57,3.119,3.58
2024-07-09,1379.4,3.56,3.114,3.572
2024-07-10,1383.4,3.55,3.12,3.576
2024-07-11,1385.6,3.55,3.163,3.614
2024-07-12,1380.1,3.55,3.101,3.552
2024-07-15,1376.3,3.54,3.076,3.538
2024-07-16,1381.9,3.55,3.035,3.496
2024-07-17,1386.0,3.54,3.05,3.509
2024-07-18,1381.5,3.52,3.058,3.513
2024-07-19,1379.9,3.52,3.074,3.525
2024-07-22,1386.6,3.52,3.071,3.522
2024-07-23,1388.6,3.52,3.084,3.533
2024-07-24,1385.1,3.51,3.046,3.509
2024-07-25,1385.1,3.51,3.024,3.484
2024-07-26,1385.4,3.5,3.024,3.482
2024-07-29,1385.4,3.5,2.978,3.434
2024-07-30,1382.0,3.5,2.994,3.451
2024-07-31,1384.6,3.5,3.004,3.459
2024-08-01,1380.1,3.49,2.976,3.431
2024-08-02,1365.9,3.48,2.939,3.394
2024-08-05,1372.8,3.48,2.806,3.271
2024-08-06,1360.6,3.47,2.935,3.398
2024-08-07,1372.2,3.48,2.929,3.397
2024-08-08,1376.4,3.47,2.911,3.38
2024-08-09,1377.7,3.47,2.941,3.409
2024-08-12,1369.4,3.46,2.946,3.421
2024-08-13,1367.7,3.49,2.918,3.395
2024-08-14,1370.3,3.49,2.888,3.37
2024-08-16,1361.4,3.51,2.928,3.415
2024-08-19,1360.1,3.51,2.927,3.424
2024-08-20,1337.8,3.51,2.944,3.442
2024-08-21,1332.0,3.52,2.94,3.439
2024-08-22,1332.4,3.51,2.907,3.422
2024-08-23,1335.9,3.51,2.92,3.439
2024-08-26,1340.1,3.51,2.89,3.414
2024-08-27,1323.9,3.52,2.94,3.465
2024-08-28,1330.4,3.52,2.919,3.456
2024-08-29,1334.7,3.52,2.939,3.484
2024-08-30,1335.3,3.52,2.953,3.503
2024-09-02,1334.8,3.52,2.989,3.542
2024-09-03,1338.8,3.51,2.981,3.545
2024-09-04,1341.0,3.51,2.931,3.497
2024-09-05,1342.0,3.51,2.905,3.48
2024-09-06,1335.8,3.51,2.881,3.46
2024-09-09,1330.4,3.51,2.897,3.471
2024-09-10,1339.5,3.51,2.877,3.451
2024-09-11,1344.3,3.51,2.82,3.406
2024-09-12,1340.3,3.51,2.866,3.449
2024-09-13,1339.6,3.53,2.822,3.41
2024-09-19,1331.0,3.53,2.843,3.432
2024-09-20,1331.8,3.53,2.838,3.426
2024-09-23,1329.9,3.53,2.864,3.449
2024-09-24,1335.5,3.53,2.854,3.439
2024-09-25,1334.3,3.53,2.812,3.401
2024-09-26,1328.4,3.53,2.807,3.395
2024-09-27,1329.7,3.53,2.826,3.409
2024-09-30,1319.6,3.53,2.811,3.397
2024-10-02,1306.9,3.52,2.78,3.37
2024-10-04,1320.1,3.52,2.824,3.415
2024-10-07,1333.3,3.51,2.96,3.546
2024-10-08,1346.5,3.51,2.932,3.517
2024-10-10,1347.8,3.5,2.962,3.542
2024-10-11,1349.4,3.4,2.947,3.523
2024-10-14,1348.6,3.4,2.938,3.509
2024-10-15,1354.9,3.4,2.906,3.475
2024-10-16,1360.4,3.4,2.88,3.452
2024-10-17,1363.7,3.39,2.897,3.467
2024-10-18,1366.5,3.39,2.908,3.48
2024-10-21,1371.1,3.39,2.902,3.471
2024-10-22,1370.4,3.4,2.943,3.512
2024-10-23,1380.1,3.4,2.936,3.508
2024-10-24,1382.0,3.4,2.891,3.46
2024-10-25,1380.5,3.4,2.882,3.451
2024-10-28,1384.4,3.41,2.932,3.503
2024-10-29,1387.0,3.41,2.936,3.504
2024-10-30,1383.1,3.43,2.937,3.502
2024-10-31,1383.3,3.43,2.936,3.503
2024-11-01,1379.3,3.43,2.939,3.507
2024-11-04,1377.9,3.43,2.935,3.507
2024-11-05,1371.3,3.44,2.918,3.491
2024-11-06,1377.8,3.44,2.96,3.529
2024-11-07,1391.5,3.43,2.922,3.492
2024-11-08,1399.1,3.43,2.889,3.461
2024-11-11,1385.4,3.43,2.901,3.471
2024-11-12,1395.3,3.44,2.9,3.467
2024-11-13,1401.1,3.44,2.939,3.501
2024-11-14,1407.3,3.44,2.929,3.492
2024-11-15,1406.4,3.44,2.941,3.506
2024-11-18,1402.8,3.44,2.915,3.482
2024-11-19,1392.6,3.44,2.889,3.457
2024-11-20,1392.0,3.44,2.873,3.438
2024-11-21,1391.6,3.44,2.829,3.396
2024-11-22,1398.1,3.44,2.816,3.385
2024-11-25,1400.5,3.44,2.773,3.342
2024-11-26,1398.2,3.44,2.773,3.343
2024-11-27,1401.2,3.44,2.741,3.316
2024-11-28,1396.8,3.29,2.638,3.22
2024-11-29,1394.7,3.29,2.607,3.194
2024-12-02,1395.1,3.28,2.567,3.156
2024-12-03,1402.0,3.28,2.585,3.169
2024-12-04,1403.4,3.28,2.626,3.21
2024-12-05,1413.0,3.28,2.603,3.194
2024-12-06,1414.9,3.28,2.62,3.212
2024-12-09,1419.4,3.28,2.579,3.173
2024-12-10,1433.2,3.3,2.524,3.175
2024-12-11,1428.1,3.33,2.536,3.188
2024-12-12,1431.4,3.31,2.549,3.2
2024-12-13,1431.5,3.32,2.541,3.197
2024-12-16,1432.7,3.38,2.553,3.212
2024-12-17,1434.9,3.38,2.621,3.279
2024-12-18,1436.6,3.38,2.536,3.203
2024-12-19,1436.8,3.39,2.603,3.275
2024-12-20,1449.7,3.39,2.629,3.3
2024-12-23,1450.3,3.39,2.616,3.292
2024-12-24,1449.3,3.4,2.626,3.308
2024-12-26,1453.6,3.4,2.648,3.33
2024-12-27,1462.9,3.44,2.634,3.321
2024-12-30,1474.1,3.44,2.597,3.285
2024-12-31,1470.0,3.39,2.596,3.284
