날짜,CD91일금리,항목명,단위
2015-01-02,2.13,CD(91일),연%
2015-01-05,2.13,CD(91일),연%
2015-01-06,2.13,CD(91일),연%
2015-01-07,2.13,CD(91일),연%
2015-01-08,2.13,CD(91일),연%
2015-01-09,2.13,CD(91일),연%
2015-01-12,2.13,CD(91일),연%
2015-01-13,2.13,CD(91일),연%
2015-01-14,2.13,CD(91일),연%
2015-01-15,2.13,CD(91일),연%
2015-01-16,2.13,CD(91일),연%
2015-01-19,2.13,CD(91일),연%
2015-01-20,2.13,CD(91일),연%
2015-01-21,2.13,CD(91일),연%
2015-01-22,2.13,CD(91일),연%
2015-01-23,2.13,CD(91일),연%
2015-01-26,2.13,CD(91일),연%
2015-01-27,2.13,CD(91일),연%
2015-01-28,2.12,CD(91일),연%
2015-01-29,2.12,CD(91일),연%
2015-01-30,2.12,CD(91일),연%
2015-02-02,2.12,CD(91일),연%
2015-02-03,2.12,CD(91일),연%
2015-02-04,2.12,CD(91일),연%
2015-02-05,2.12,CD(91일),연%
2015-02-06,2.12,CD(91일),연%
2015-02-09,2.12,CD(91일),연%
2015-02-10,2.12,CD(91일),연%
2015-02-11,2.12,CD(91일),연%
2015-02-12,2.12,CD(91일),연%
2015-02-13,2.12,CD(91일),연%
2015-02-16,2.12,CD(91일),연%
2015-02-17,2.12,CD(91일),연%
2015-02-23,2.12,CD(91일),연%
2015-02-24,2.1,CD(91일),연%
2015-02-25,2.1,CD(91일),연%
2015-02-26,2.1,CD(91일),연%
2015-02-27,2.1,CD(91일),연%
2015-03-02,2.1,CD(91일),연%
2015-03-03,2.1,CD(91일),연%
2015-03-04,2.1,CD(91일),연%
2015-03-05,2.1,CD(91일),연%
2015-03-06,2.1,CD(91일),연%
2015-03-09,2.1,CD(91일),연%
2015-03-10,2.1,CD(91일),연%
2015-03-11,2.1,CD(91일),연%
2015-03-12,1.91,CD(91일),연%
2015-03-13,1.9,CD(91일),연%
2015-03-16,1.89,CD(91일),연%
2015-03-17,1.88,CD(91일),연%
2015-03-18,1.87,CD(91일),연%
2015-03-19,1.87,CD(91일),연%
2015-03-20,1.86,CD(91일),연%
2015-03-23,1.86,CD(91일),연%
2015-03-24,1.86,CD(91일),연%
2015-03-25,1.86,CD(91일),연%
2015-03-26,1.86,CD(91일),연%
2015-03-27,1.86,CD(91일),연%
2015-03-30,1.85,CD(91일),연%
2015-03-31,1.85,CD(91일),연%
2015-04-01,1.85,CD(91일),연%
2015-04-02,1.85,CD(91일),연%
2015-04-03,1.85,CD(91일),연%
2015-04-06,1.85,CD(91일),연%
2015-04-07,1.83,CD(91일),연%
2015-04-08,1.83,CD(91일),연%
2015-04-09,1.82,CD(91일),연%
2015-04-10,1.8,CD(91일),연%
2015-04-13,1.8,CD(91일),연%
2015-04-14,1.8,CD(91일),연%
2015-04-15,1.8,CD(91일),연%
2015-04-16,1.8,CD(91일),연%
2015-04-17,1.8,CD(91일),연%
2015-04-20,1.8,CD(91일),연%
2015-04-21,1.8,CD(91일),연%
2015-04-22,1.8,CD(91일),연%
2015-04-23,1.8,CD(91일),연%
2015-04-24,1.8,CD(91일),연%
2015-04-27,1.8,CD(91일),연%
2015-04-28,1.8,CD(91일),연%
2015-04-29,1.8,CD(91일),연%
2015-04-30,1.8,CD(91일),연%
2015-05-04,1.8,CD(91일),연%
2015-05-06,1.8,CD(91일),연%
2015-05-07,1.8,CD(91일),연%
2015-05-08,1.8,CD(91일),연%
2015-05-11,1.8,CD(91일),연%
2015-05-12,1.8,CD(91일),연%
2015-05-13,1.8,CD(91일),연%
2015-05-14,1.8,CD(91일),연%
2015-05-15,1.8,CD(91일),연%
2015-05-18,1.8,CD(91일),연%
2015-05-19,1.8,CD(91일),연%
2015-05-20,1.8,CD(91일),연%
2015-05-21,1.8,CD(91일),연%
2015-05-22,1.8,CD(91일),연%
2015-05-26,1.8,CD(91일),연%
2015-05-27,1.8,CD(91일),연%
2015-05-28,1.8,CD(91일),연%
2015-05-29,1.8,CD(91일),연%
2015-06-01,1.8,CD(91일),연%
2015-06-02,1.8,CD(91일),연%
2015-06-03,1.8,CD(91일),연%
2015-06-04,1.8,CD(91일),연%
2015-06-05,1.8,CD(91일),연%
2015-06-08,1.8,CD(91일),연%
2015-06-09,1.8,CD(91일),연%
2015-06-10,1.8,CD(91일),연%
2015-06-11,1.65,CD(91일),연%
2015-06-12,1.65,CD(91일),연%
2015-06-15,1.65,CD(91일),연%
2015-06-16,1.65,CD(91일),연%
2015-06-17,1.65,CD(91일),연%
2015-06-18,1.65,CD(91일),연%
2015-06-19,1.65,CD(91일),연%
2015-06-22,1.65,CD(91일),연%
2015-06-23,1.65,CD(91일),연%
2015-06-24,1.65,CD(91일),연%
2015-06-25,1.65,CD(91일),연%
2015-06-26,1.65,CD(91일),연%
2015-06-29,1.65,CD(91일),연%
2015-06-30,1.65,CD(91일),연%
2015-07-01,1.65,CD(91일),연%
2015-07-02,1.65,CD(91일),연%
2015-07-03,1.65,CD(91일),연%
2015-07-06,1.65,CD(91일),연%
2015-07-07,1.65,CD(91일),연%
2015-07-08,1.65,CD(91일),연%
2015-07-09,1.65,CD(91일),연%
2015-07-10,1.65,CD(91일),연%
2015-07-13,1.65,CD(91일),연%
2015-07-14,1.65,CD(91일),연%
2015-07-15,1.65,CD(91일),연%
2015-07-16,1.65,CD(91일),연%
2015-07-17,1.65,CD(91일),연%
2015-07-20,1.65,CD(91일),연%
2015-07-21,1.65,CD(91일),연%
2015-07-22,1.65,CD(91일),연%
2015-07-23,1.65,CD(91일),연%
2015-07-24,1.65,CD(91일),연%
2015-07-27,1.64,CD(91일),연%
2015-07-28,1.64,CD(91일),연%
2015-07-29,1.64,CD(91일),연%
2015-07-30,1.64,CD(91일),연%
2015-07-31,1.64,CD(91일),연%
2015-08-03,1.64,CD(91일),연%
2015-08-04,1.64,CD(91일),연%
2015-08-05,1.64,CD(91일),연%
2015-08-06,1.64,CD(91일),연%
2015-08-07,1.64,CD(91일),연%
2015-08-10,1.64,CD(91일),연%
2015-08-11,1.64,CD(91일),연%
2015-08-12,1.64,CD(91일),연%
2015-08-13,1.64,CD(91일),연%
2015-08-17,1.64,CD(91일),연%
2015-08-18,1.64,CD(91일),연%
2015-08-19,1.64,CD(91일),연%
2015-08-20,1.64,CD(91일),연%
2015-08-21,1.64,CD(91일),연%
2015-08-24,1.64,CD(91일),연%
2015-08-25,1.64,CD(91일),연%
2015-08-26,1.64,CD(91일),연%
2015-08-27,1.64,CD(91일),연%
2015-08-28,1.64,CD(91일),연%
2015-08-31,1.63,CD(91일),연%
2015-09-01,1.63,CD(91일),연%
2015-09-02,1.61,CD(91일),연%
2015-09-03,1.61,CD(91일),연%
2015-09-04,1.6,CD(91일),연%
2015-09-07,1.6,CD(91일),연%
2015-09-08,1.6,CD(91일),연%
2015-09-09,1.6,CD(91일),연%
2015-09-10,1.6,CD(91일),연%
2015-09-11,1.6,CD(91일),연%
2015-09-14,1.6,CD(91일),연%
2015-09-15,1.6,CD(91일),연%
2015-09-16,1.6,CD(91일),연%
2015-09-17,1.6,CD(91일),연%
2015-09-18,1.6,CD(91일),연%
2015-09-21,1.6,CD(91일),연%
2015-09-22,1.6,CD(91일),연%
2015-09-23,1.6,CD(91일),연%
2015-09-24,1.6,CD(91일),연%
2015-09-25,1.6,CD(91일),연%
2015-09-30,1.59,CD(91일),연%
2015-10-01,1.59,CD(91일),연%
2015-10-02,1.59,CD(91일),연%
2015-10-05,1.59,CD(91일),연%
2015-10-06,1.59,CD(91일),연%
2015-10-07,1.59,CD(91일),연%
2015-10-08,1.59,CD(91일),연%
2015-10-12,1.59,CD(91일),연%
2015-10-13,1.58,CD(91일),연%
2015-10-14,1.57,CD(91일),연%
2015-10-15,1.57,CD(91일),연%
2015-10-16,1.57,CD(91일),연%
2015-10-19,1.57,CD(91일),연%
2015-10-20,1.57,CD(91일),연%
2015-10-21,1.57,CD(91일),연%
2015-10-22,1.57,CD(91일),연%
2015-10-23,1.57,CD(91일),연%
2015-10-26,1.57,CD(91일),연%
2015-10-27,1.57,CD(91일),연%
2015-10-28,1.57,CD(91일),연%
2015-10-29,1.57,CD(91일),연%
2015-10-30,1.57,CD(91일),연%
2015-11-02,1.57,CD(91일),연%
2015-11-03,1.57,CD(91일),연%
2015-11-04,1.57,CD(91일),연%
2015-11-05,1.57,CD(91일),연%
2015-11-06,1.57,CD(91일),연%
2015-11-09,1.57,CD(91일),연%
2015-11-10,1.57,CD(91일),연%
2015-11-11,1.57,CD(91일),연%
2015-11-12,1.58,CD(91일),연%
2015-11-13,1.58,CD(91일),연%
2015-11-16,1.58,CD(91일),연%
2015-11-17,1.58,CD(91일),연%
2015-11-18,1.58,CD(91일),연%
2015-11-19,1.58,CD(91일),연%
2015-11-20,1.58,CD(91일),연%
2015-11-23,1.59,CD(91일),연%
2015-11-24,1.59,CD(91일),연%
2015-11-25,1.59,CD(91일),연%
2015-11-26,1.62,CD(91일),연%
2015-11-27,1.62,CD(91일),연%
2015-11-30,1.66,CD(91일),연%
2015-12-01,1.67,CD(91일),연%
2015-12-02,1.67,CD(91일),연%
2015-12-03,1.67,CD(91일),연%
2015-12-04,1.67,CD(91일),연%
2015-12-07,1.67,CD(91일),연%
2015-12-08,1.67,CD(91일),연%
2015-12-09,1.67,CD(91일),연%
2015-12-10,1.67,CD(91일),연%
2015-12-11,1.67,CD(91일),연%
2015-12-14,1.67,CD(91일),연%
2015-12-15,1.67,CD(91일),연%
2015-12-16,1.67,CD(91일),연%
2015-12-17,1.67,CD(91일),연%
2015-12-18,1.67,CD(91일),연%
2015-12-21,1.67,CD(91일),연%
2015-12-22,1.67,CD(91일),연%
2015-12-23,1.67,CD(91일),연%
2015-12-24,1.67,CD(91일),연%
2015-12-28,1.67,CD(91일),연%
2015-12-29,1.67,CD(91일),연%
2015-12-30,1.67,CD(91일),연%
2015-12-31,1.67,CD(91일),연%
2016-01-04,1.67,CD(91일),연%
2016-01-05,1.67,CD(91일),연%
2016-01-06,1.67,CD(91일),연%
2016-01-07,1.67,CD(91일),연%
2016-01-08,1.67,CD(91일),연%
2016-01-11,1.67,CD(91일),연%
2016-01-12,1.67,CD(91일),연%
2016-01-13,1.67,CD(91일),연%
2016-01-14,1.67,CD(91일),연%
2016-01-15,1.67,CD(91일),연%
2016-01-18,1.67,CD(91일),연%
2016-01-19,1.67,CD(91일),연%
2016-01-20,1.67,CD(91일),연%
2016-01-21,1.67,CD(91일),연%
2016-01-22,1.67,CD(91일),연%
2016-01-25,1.65,CD(91일),연%
2016-01-26,1.65,CD(91일),연%
2016-01-27,1.65,CD(91일),연%
2016-01-28,1.65,CD(91일),연%
2016-01-29,1.65,CD(91일),연%
2016-02-01,1.65,CD(91일),연%
2016-02-02,1.65,CD(91일),연%
2016-02-03,1.65,CD(91일),연%
2016-02-04,1.65,CD(91일),연%
2016-02-05,1.65,CD(91일),연%
2016-02-11,1.64,CD(91일),연%
2016-02-12,1.64,CD(91일),연%
2016-02-15,1.64,CD(91일),연%
2016-02-16,1.63,CD(91일),연%
2016-02-17,1.63,CD(91일),연%
2016-02-18,1.63,CD(91일),연%
2016-02-19,1.63,CD(91일),연%
2016-02-22,1.63,CD(91일),연%
2016-02-23,1.63,CD(91일),연%
2016-02-24,1.63,CD(91일),연%
2016-02-25,1.63,CD(91일),연%
2016-02-26,1.63,CD(91일),연%
2016-02-29,1.63,CD(91일),연%
2016-03-02,1.63,CD(91일),연%
2016-03-03,1.63,CD(91일),연%
2016-03-04,1.63,CD(91일),연%
2016-03-07,1.63,CD(91일),연%
2016-03-08,1.63,CD(91일),연%
2016-03-09,1.63,CD(91일),연%
2016-03-10,1.63,CD(91일),연%
2016-03-11,1.63,CD(91일),연%
2016-03-14,1.63,CD(91일),연%
2016-03-15,1.63,CD(91일),연%
2016-03-16,1.63,CD(91일),연%
2016-03-17,1.63,CD(91일),연%
2016-03-18,1.63,CD(91일),연%
2016-03-21,1.63,CD(91일),연%
2016-03-22,1.63,CD(91일),연%
2016-03-23,1.63,CD(91일),연%
2016-03-24,1.63,CD(91일),연%
2016-03-25,1.63,CD(91일),연%
2016-03-28,1.61,CD(91일),연%
2016-03-29,1.61,CD(91일),연%
2016-03-30,1.61,CD(91일),연%
2016-03-31,1.61,CD(91일),연%
2016-04-01,1.61,CD(91일),연%
2016-04-04,1.61,CD(91일),연%
2016-04-05,1.61,CD(91일),연%
2016-04-06,1.61,CD(91일),연%
2016-04-07,1.61,CD(91일),연%
2016-04-08,1.61,CD(91일),연%
2016-04-11,1.61,CD(91일),연%
2016-04-12,1.61,CD(91일),연%
2016-04-14,1.61,CD(91일),연%
2016-04-15,1.61,CD(91일),연%
2016-04-18,1.61,CD(91일),연%
2016-04-19,1.61,CD(91일),연%
2016-04-20,1.61,CD(91일),연%
2016-04-21,1.61,CD(91일),연%
2016-04-22,1.61,CD(91일),연%
2016-04-25,1.61,CD(91일),연%
2016-04-26,1.61,CD(91일),연%
2016-04-27,1.61,CD(91일),연%
2016-04-28,1.61,CD(91일),연%
2016-04-29,1.61,CD(91일),연%
2016-05-02,1.61,CD(91일),연%
2016-05-03,1.61,CD(91일),연%
2016-05-04,1.61,CD(91일),연%
2016-05-09,1.61,CD(91일),연%
2016-05-10,1.6,CD(91일),연%
2016-05-11,1.6,CD(91일),연%
2016-05-12,1.6,CD(91일),연%
2016-05-13,1.6,CD(91일),연%
2016-05-16,1.58,CD(91일),연%
2016-05-17,1.58,CD(91일),연%
2016-05-18,1.58,CD(91일),연%
2016-05-19,1.56,CD(91일),연%
2016-05-20,1.56,CD(91일),연%
2016-05-23,1.56,CD(91일),연%
2016-05-24,1.56,CD(91일),연%
2016-05-25,1.56,CD(91일),연%
2016-05-26,1.56,CD(91일),연%
2016-05-27,1.56,CD(91일),연%
2016-05-30,1.56,CD(91일),연%
2016-05-31,1.56,CD(91일),연%
2016-06-01,1.56,CD(91일),연%
2016-06-02,1.56,CD(91일),연%
2016-06-03,1.56,CD(91일),연%
2016-06-07,1.56,CD(91일),연%
2016-06-08,1.56,CD(91일),연%
2016-06-09,1.39,CD(91일),연%
2016-06-10,1.39,CD(91일),연%
2016-06-13,1.39,CD(91일),연%
2016-06-14,1.39,CD(91일),연%
2016-06-15,1.39,CD(91일),연%
2016-06-16,1.39,CD(91일),연%
2016-06-17,1.39,CD(91일),연%
2016-06-20,1.39,CD(91일),연%
2016-06-21,1.39,CD(91일),연%
2016-06-22,1.39,CD(91일),연%
2016-06-23,1.39,CD(91일),연%
2016-06-24,1.37,CD(91일),연%
2016-06-27,1.37,CD(91일),연%
2016-06-28,1.37,CD(91일),연%
2016-06-29,1.37,CD(91일),연%
2016-06-30,1.37,CD(91일),연%
2016-07-01,1.37,CD(91일),연%
2016-07-04,1.37,CD(91일),연%
2016-07-05,1.37,CD(91일),연%
2016-07-06,1.37,CD(91일),연%
2016-07-07,1.36,CD(91일),연%
2016-07-08,1.36,CD(91일),연%
2016-07-11,1.36,CD(91일),연%
2016-07-12,1.36,CD(91일),연%
2016-07-13,1.36,CD(91일),연%
2016-07-14,1.36,CD(91일),연%
2016-07-15,1.36,CD(91일),연%
2016-07-18,1.36,CD(91일),연%
2016-07-19,1.36,CD(91일),연%
2016-07-20,1.36,CD(91일),연%
2016-07-21,1.36,CD(91일),연%
2016-07-22,1.36,CD(91일),연%
2016-07-25,1.36,CD(91일),연%
2016-07-26,1.36,CD(91일),연%
2016-07-27,1.36,CD(91일),연%
2016-07-28,1.36,CD(91일),연%
2016-07-29,1.36,CD(91일),연%
2016-08-01,1.36,CD(91일),연%
2016-08-02,1.36,CD(91일),연%
2016-08-03,1.36,CD(91일),연%
2016-08-04,1.36,CD(91일),연%
2016-08-05,1.36,CD(91일),연%
2016-08-08,1.36,CD(91일),연%
2016-08-09,1.36,CD(91일),연%
2016-08-10,1.36,CD(91일),연%
2016-08-11,1.35,CD(91일),연%
2016-08-12,1.35,CD(91일),연%
2016-08-16,1.35,CD(91일),연%
2016-08-17,1.35,CD(91일),연%
2016-08-18,1.34,CD(91일),연%
2016-08-19,1.34,CD(91일),연%
2016-08-22,1.34,CD(91일),연%
2016-08-23,1.34,CD(91일),연%
2016-08-24,1.34,CD(91일),연%
2016-08-25,1.34,CD(91일),연%
2016-08-26,1.34,CD(91일),연%
2016-08-29,1.34,CD(91일),연%
2016-08-30,1.34,CD(91일),연%
2016-08-31,1.34,CD(91일),연%
2016-09-01,1.34,CD(91일),연%
2016-09-02,1.34,CD(91일),연%
2016-09-05,1.34,CD(91일),연%
2016-09-06,1.34,CD(91일),연%
2016-09-07,1.34,CD(91일),연%
2016-09-08,1.34,CD(91일),연%
2016-09-09,1.34,CD(91일),연%
2016-09-12,1.34,CD(91일),연%
2016-09-13,1.34,CD(91일),연%
2016-09-19,1.34,CD(91일),연%
2016-09-20,1.34,CD(91일),연%
2016-09-21,1.34,CD(91일),연%
2016-09-22,1.34,CD(91일),연%
2016-09-23,1.34,CD(91일),연%
2016-09-26,1.34,CD(91일),연%
2016-09-27,1.34,CD(91일),연%
2016-09-28,1.34,CD(91일),연%
2016-09-29,1.34,CD(91일),연%
2016-09-30,1.34,CD(91일),연%
2016-10-04,1.34,CD(91일),연%
2016-10-05,1.34,CD(91일),연%
2016-10-06,1.34,CD(91일),연%
2016-10-07,1.34,CD(91일),연%
2016-10-10,1.34,CD(91일),연%
2016-10-11,1.34,CD(91일),연%
2016-10-12,1.34,CD(91일),연%
2016-10-13,1.34,CD(91일),연%
2016-10-14,1.34,CD(91일),연%
2016-10-17,1.34,CD(91일),연%
2016-10-18,1.34,CD(91일),연%
2016-10-19,1.34,CD(91일),연%
2016-10-20,1.34,CD(91일),연%
2016-10-21,1.36,CD(91일),연%
2016-10-24,1.37,CD(91일),연%
2016-10-25,1.38,CD(91일),연%
2016-10-26,1.39,CD(91일),연%
2016-10-27,1.39,CD(91일),연%
2016-10-28,1.39,CD(91일),연%
2016-10-31,1.39,CD(91일),연%
2016-11-01,1.39,CD(91일),연%
2016-11-02,1.39,CD(91일),연%
2016-11-03,1.39,CD(91일),연%
2016-11-04,1.39,CD(91일),연%
2016-11-07,1.39,CD(91일),연%
2016-11-08,1.39,CD(91일),연%
2016-11-09,1.39,CD(91일),연%
2016-11-10,1.39,CD(91일),연%
2016-11-11,1.39,CD(91일),연%
2016-11-14,1.39,CD(91일),연%
2016-11-15,1.39,CD(91일),연%
2016-11-16,1.39,CD(91일),연%
2016-11-17,1.4,CD(91일),연%
2016-11-18,1.4,CD(91일),연%
2016-11-21,1.41,CD(91일),연%
2016-11-22,1.42,CD(91일),연%
2016-11-23,1.43,CD(91일),연%
2016-11-24,1.46,CD(91일),연%
2016-11-25,1.48,CD(91일),연%
2016-11-28,1.49,CD(91일),연%
2016-11-29,1.52,CD(91일),연%
2016-11-30,1.52,CD(91일),연%
2016-12-01,1.53,CD(91일),연%
2016-12-02,1.54,CD(91일),연%
2016-12-05,1.54,CD(91일),연%
2016-12-06,1.54,CD(91일),연%
2016-12-07,1.54,CD(91일),연%
2016-12-08,1.54,CD(91일),연%
2016-12-09,1.54,CD(91일),연%
2016-12-12,1.54,CD(91일),연%
2016-12-13,1.54,CD(91일),연%
2016-12-14,1.54,CD(91일),연%
2016-12-15,1.54,CD(91일),연%
2016-12-16,1.54,CD(91일),연%
2016-12-19,1.54,CD(91일),연%
2016-12-20,1.54,CD(91일),연%
2016-12-21,1.54,CD(91일),연%
2016-12-22,1.54,CD(91일),연%
2016-12-23,1.54,CD(91일),연%
2016-12-26,1.54,CD(91일),연%
2016-12-27,1.54,CD(91일),연%
2016-12-28,1.53,CD(91일),연%
2016-12-29,1.52,CD(91일),연%
2016-12-30,1.52,CD(91일),연%
2017-01-02,1.52,CD(91일),연%
2017-01-03,1.52,CD(91일),연%
2017-01-04,1.51,CD(91일),연%
2017-01-05,1.51,CD(91일),연%
2017-01-06,1.49,CD(91일),연%
2017-01-09,1.49,CD(91일),연%
2017-01-10,1.49,CD(91일),연%
2017-01-11,1.49,CD(91일),연%
2017-01-12,1.49,CD(91일),연%
2017-01-13,1.49,CD(91일),연%
2017-01-16,1.49,CD(91일),연%
2017-01-17,1.49,CD(91일),연%
2017-01-18,1.49,CD(91일),연%
2017-01-19,1.49,CD(91일),연%
2017-01-20,1.49,CD(91일),연%
2017-01-23,1.49,CD(91일),연%
2017-01-24,1.49,CD(91일),연%
2017-01-25,1.49,CD(91일),연%
2017-01-26,1.49,CD(91일),연%
2017-01-31,1.49,CD(91일),연%
2017-02-01,1.49,CD(91일),연%
2017-02-02,1.49,CD(91일),연%
2017-02-03,1.49,CD(91일),연%
2017-02-06,1.49,CD(91일),연%
2017-02-07,1.49,CD(91일),연%
2017-02-08,1.49,CD(91일),연%
2017-02-09,1.49,CD(91일),연%
2017-02-10,1.49,CD(91일),연%
2017-02-13,1.49,CD(91일),연%
2017-02-14,1.49,CD(91일),연%
2017-02-15,1.49,CD(91일),연%
2017-02-16,1.49,CD(91일),연%
2017-02-17,1.49,CD(91일),연%
2017-02-20,1.49,CD(91일),연%
2017-02-21,1.49,CD(91일),연%
2017-02-22,1.49,CD(91일),연%
2017-02-23,1.49,CD(91일),연%
2017-02-24,1.49,CD(91일),연%
2017-02-27,1.49,CD(91일),연%
2017-02-28,1.49,CD(91일),연%
2017-03-02,1.49,CD(91일),연%
2017-03-03,1.49,CD(91일),연%
2017-03-06,1.49,CD(91일),연%
2017-03-07,1.49,CD(91일),연%
2017-03-08,1.49,CD(91일),연%
2017-03-09,1.49,CD(91일),연%
2017-03-10,1.49,CD(91일),연%
2017-03-13,1.49,CD(91일),연%
2017-03-14,1.49,CD(91일),연%
2017-03-15,1.49,CD(91일),연%
2017-03-16,1.48,CD(91일),연%
2017-03-17,1.48,CD(91일),연%
2017-03-20,1.48,CD(91일),연%
2017-03-21,1.48,CD(91일),연%
2017-03-22,1.48,CD(91일),연%
2017-03-23,1.47,CD(91일),연%
2017-03-24,1.47,CD(91일),연%
2017-03-27,1.47,CD(91일),연%
2017-03-28,1.47,CD(91일),연%
2017-03-29,1.45,CD(91일),연%
2017-03-30,1.45,CD(91일),연%
2017-03-31,1.45,CD(91일),연%
2017-04-03,1.45,CD(91일),연%
2017-04-04,1.45,CD(91일),연%
2017-04-05,1.45,CD(91일),연%
2017-04-06,1.45,CD(91일),연%
2017-04-07,1.45,CD(91일),연%
2017-04-10,1.45,CD(91일),연%
2017-04-11,1.45,CD(91일),연%
2017-04-12,1.43,CD(91일),연%
2017-04-13,1.43,CD(91일),연%
2017-04-14,1.42,CD(91일),연%
2017-04-17,1.42,CD(91일),연%
2017-04-18,1.42,CD(91일),연%
2017-04-19,1.42,CD(91일),연%
2017-04-20,1.42,CD(91일),연%
2017-04-21,1.42,CD(91일),연%
2017-04-24,1.42,CD(91일),연%
2017-04-25,1.42,CD(91일),연%
2017-04-26,1.41,CD(91일),연%
2017-04-27,1.41,CD(91일),연%
2017-04-28,1.41,CD(91일),연%
2017-05-02,1.41,CD(91일),연%
2017-05-04,1.41,CD(91일),연%
2017-05-08,1.41,CD(91일),연%
2017-05-10,1.41,CD(91일),연%
2017-05-11,1.4,CD(91일),연%
2017-05-12,1.4,CD(91일),연%
2017-05-15,1.4,CD(91일),연%
2017-05-16,1.4,CD(91일),연%
2017-05-17,1.39,CD(91일),연%
2017-05-18,1.39,CD(91일),연%
2017-05-19,1.39,CD(91일),연%
2017-05-22,1.39,CD(91일),연%
2017-05-23,1.38,CD(91일),연%
2017-05-24,1.38,CD(91일),연%
2017-05-25,1.38,CD(91일),연%
2017-05-26,1.38,CD(91일),연%
2017-05-29,1.38,CD(91일),연%
2017-05-30,1.38,CD(91일),연%
2017-05-31,1.38,CD(91일),연%
2017-06-01,1.38,CD(91일),연%
2017-06-02,1.38,CD(91일),연%
2017-06-05,1.38,CD(91일),연%
2017-06-07,1.38,CD(91일),연%
2017-06-08,1.38,CD(91일),연%
2017-06-09,1.38,CD(91일),연%
2017-06-12,1.38,CD(91일),연%
2017-06-13,1.38,CD(91일),연%
2017-06-14,1.38,CD(91일),연%
2017-06-15,1.38,CD(91일),연%
2017-06-16,1.38,CD(91일),연%
2017-06-19,1.38,CD(91일),연%
2017-06-20,1.38,CD(91일),연%
2017-06-21,1.38,CD(91일),연%
2017-06-22,1.38,CD(91일),연%
2017-06-23,1.38,CD(91일),연%
2017-06-26,1.38,CD(91일),연%
2017-06-27,1.38,CD(91일),연%
2017-06-28,1.38,CD(91일),연%
2017-06-29,1.38,CD(91일),연%
2017-06-30,1.38,CD(91일),연%
2017-07-03,1.38,CD(91일),연%
2017-07-04,1.38,CD(91일),연%
2017-07-05,1.38,CD(91일),연%
2017-07-06,1.39,CD(91일),연%
2017-07-07,1.39,CD(91일),연%
2017-07-10,1.39,CD(91일),연%
2017-07-11,1.39,CD(91일),연%
2017-07-12,1.39,CD(91일),연%
2017-07-13,1.39,CD(91일),연%
2017-07-14,1.39,CD(91일),연%
2017-07-17,1.39,CD(91일),연%
2017-07-18,1.39,CD(91일),연%
2017-07-19,1.39,CD(91일),연%
2017-07-20,1.39,CD(91일),연%
2017-07-21,1.39,CD(91일),연%
2017-07-24,1.39,CD(91일),연%
2017-07-25,1.39,CD(91일),연%
2017-07-26,1.39,CD(91일),연%
2017-07-27,1.39,CD(91일),연%
2017-07-28,1.39,CD(91일),연%
2017-07-31,1.39,CD(91일),연%
2017-08-01,1.39,CD(91일),연%
2017-08-02,1.39,CD(91일),연%
2017-08-03,1.39,CD(91일),연%
2017-08-04,1.39,CD(91일),연%
2017-08-07,1.39,CD(91일),연%
2017-08-08,1.39,CD(91일),연%
2017-08-09,1.39,CD(91일),연%
2017-08-10,1.39,CD(91일),연%
2017-08-11,1.39,CD(91일),연%
2017-08-14,1.39,CD(91일),연%
2017-08-16,1.39,CD(91일),연%
2017-08-17,1.39,CD(91일),연%
2017-08-18,1.39,CD(91일),연%
2017-08-21,1.39,CD(91일),연%
2017-08-22,1.39,CD(91일),연%
2017-08-23,1.39,CD(91일),연%
2017-08-24,1.39,CD(91일),연%
2017-08-25,1.39,CD(91일),연%
2017-08-28,1.39,CD(91일),연%
2017-08-29,1.38,CD(91일),연%
2017-08-30,1.38,CD(91일),연%
2017-08-31,1.38,CD(91일),연%
2017-09-01,1.38,CD(91일),연%
2017-09-04,1.38,CD(91일),연%
2017-09-05,1.38,CD(91일),연%
2017-09-06,1.38,CD(91일),연%
2017-09-07,1.38,CD(91일),연%
2017-09-08,1.38,CD(91일),연%
2017-09-11,1.38,CD(91일),연%
2017-09-12,1.38,CD(91일),연%
2017-09-13,1.38,CD(91일),연%
2017-09-14,1.38,CD(91일),연%
2017-09-15,1.38,CD(91일),연%
2017-09-18,1.38,CD(91일),연%
2017-09-19,1.38,CD(91일),연%
2017-09-20,1.38,CD(91일),연%
2017-09-21,1.38,CD(91일),연%
2017-09-22,1.38,CD(91일),연%
2017-09-25,1.38,CD(91일),연%
2017-09-26,1.38,CD(91일),연%
2017-09-27,1.38,CD(91일),연%
2017-09-28,1.38,CD(91일),연%
2017-09-29,1.38,CD(91일),연%
2017-10-10,1.38,CD(91일),연%
2017-10-11,1.38,CD(91일),연%
2017-10-12,1.38,CD(91일),연%
2017-10-13,1.38,CD(91일),연%
2017-10-16,1.38,CD(91일),연%
2017-10-17,1.38,CD(91일),연%
2017-10-18,1.38,CD(91일),연%
2017-10-19,1.38,CD(91일),연%
2017-10-20,1.38,CD(91일),연%
2017-10-23,1.38,CD(91일),연%
2017-10-24,1.38,CD(91일),연%
2017-10-25,1.38,CD(91일),연%
2017-10-26,1.38,CD(91일),연%
2017-10-27,1.4,CD(91일),연%
2017-10-30,1.4,CD(91일),연%
2017-10-31,1.4,CD(91일),연%
2017-11-01,1.4,CD(91일),연%
2017-11-02,1.4,CD(91일),연%
2017-11-03,1.4,CD(91일),연%
2017-11-06,1.4,CD(91일),연%
2017-11-07,1.4,CD(91일),연%
2017-11-08,1.4,CD(91일),연%
2017-11-09,1.4,CD(91일),연%
2017-11-10,1.4,CD(91일),연%
2017-11-13,1.41,CD(91일),연%
2017-11-14,1.42,CD(91일),연%
2017-11-15,1.43,CD(91일),연%
2017-11-16,1.44,CD(91일),연%
2017-11-17,1.45,CD(91일),연%
2017-11-20,1.46,CD(91일),연%
2017-11-21,1.47,CD(91일),연%
2017-11-22,1.48,CD(91일),연%
2017-11-23,1.49,CD(91일),연%
2017-11-24,1.5,CD(91일),연%
2017-11-27,1.5,CD(91일),연%
2017-11-28,1.5,CD(91일),연%
2017-11-29,1.51,CD(91일),연%
2017-11-30,1.64,CD(91일),연%
2017-12-01,1.66,CD(91일),연%
2017-12-04,1.66,CD(91일),연%
2017-12-05,1.66,CD(91일),연%
2017-12-06,1.66,CD(91일),연%
2017-12-07,1.66,CD(91일),연%
2017-12-08,1.66,CD(91일),연%
2017-12-11,1.66,CD(91일),연%
2017-12-12,1.66,CD(91일),연%
2017-12-13,1.66,CD(91일),연%
2017-12-14,1.66,CD(91일),연%
2017-12-15,1.66,CD(91일),연%
2017-12-18,1.66,CD(91일),연%
2017-12-19,1.66,CD(91일),연%
2017-12-20,1.66,CD(91일),연%
2017-12-21,1.66,CD(91일),연%
2017-12-22,1.66,CD(91일),연%
2017-12-26,1.66,CD(91일),연%
2017-12-27,1.66,CD(91일),연%
2017-12-28,1.66,CD(91일),연%
2017-12-29,1.66,CD(91일),연%
2018-01-02,1.66,CD(91일),연%
2018-01-03,1.66,CD(91일),연%
2018-01-04,1.66,CD(91일),연%
2018-01-05,1.66,CD(91일),연%
2018-01-08,1.66,CD(91일),연%
2018-01-09,1.66,CD(91일),연%
2018-01-10,1.66,CD(91일),연%
2018-01-11,1.66,CD(91일),연%
2018-01-12,1.66,CD(91일),연%
2018-01-15,1.66,CD(91일),연%
2018-01-16,1.66,CD(91일),연%
2018-01-17,1.65,CD(91일),연%
2018-01-18,1.65,CD(91일),연%
2018-01-19,1.65,CD(91일),연%
2018-01-22,1.65,CD(91일),연%
2018-01-23,1.65,CD(91일),연%
2018-01-24,1.65,CD(91일),연%
2018-01-25,1.65,CD(91일),연%
2018-01-26,1.65,CD(91일),연%
2018-01-29,1.65,CD(91일),연%
2018-01-30,1.65,CD(91일),연%
2018-01-31,1.65,CD(91일),연%
2018-02-01,1.65,CD(91일),연%
2018-02-02,1.65,CD(91일),연%
2018-02-05,1.65,CD(91일),연%
2018-02-06,1.65,CD(91일),연%
2018-02-07,1.65,CD(91일),연%
2018-02-08,1.65,CD(91일),연%
2018-02-09,1.65,CD(91일),연%
2018-02-12,1.65,CD(91일),연%
2018-02-13,1.65,CD(91일),연%
2018-02-14,1.65,CD(91일),연%
2018-02-19,1.65,CD(91일),연%
2018-02-20,1.65,CD(91일),연%
2018-02-21,1.65,CD(91일),연%
2018-02-22,1.65,CD(91일),연%
2018-02-23,1.65,CD(91일),연%
2018-02-26,1.65,CD(91일),연%
2018-02-27,1.65,CD(91일),연%
2018-02-28,1.65,CD(91일),연%
2018-03-02,1.65,CD(91일),연%
2018-03-05,1.65,CD(91일),연%
2018-03-06,1.65,CD(91일),연%
2018-03-07,1.65,CD(91일),연%
2018-03-08,1.65,CD(91일),연%
2018-03-09,1.65,CD(91일),연%
2018-03-12,1.65,CD(91일),연%
2018-03-13,1.65,CD(91일),연%
2018-03-14,1.65,CD(91일),연%
2018-03-15,1.65,CD(91일),연%
2018-03-16,1.65,CD(91일),연%
2018-03-19,1.65,CD(91일),연%
2018-03-20,1.65,CD(91일),연%
2018-03-21,1.65,CD(91일),연%
2018-03-22,1.65,CD(91일),연%
2018-03-23,1.65,CD(91일),연%
2018-03-26,1.65,CD(91일),연%
2018-03-27,1.65,CD(91일),연%
2018-03-28,1.65,CD(91일),연%
2018-03-29,1.65,CD(91일),연%
2018-03-30,1.65,CD(91일),연%
2018-04-02,1.65,CD(91일),연%
2018-04-03,1.65,CD(91일),연%
2018-04-04,1.65,CD(91일),연%
2018-04-05,1.65,CD(91일),연%
2018-04-06,1.65,CD(91일),연%
2018-04-09,1.65,CD(91일),연%
2018-04-10,1.65,CD(91일),연%
2018-04-11,1.65,CD(91일),연%
2018-04-12,1.65,CD(91일),연%
2018-04-13,1.65,CD(91일),연%
2018-04-16,1.65,CD(91일),연%
2018-04-17,1.65,CD(91일),연%
2018-04-18,1.65,CD(91일),연%
2018-04-19,1.65,CD(91일),연%
2018-04-20,1.65,CD(91일),연%
2018-04-23,1.65,CD(91일),연%
2018-04-24,1.65,CD(91일),연%
2018-04-25,1.65,CD(91일),연%
2018-04-26,1.65,CD(91일),연%
2018-04-27,1.65,CD(91일),연%
2018-04-30,1.65,CD(91일),연%
2018-05-02,1.65,CD(91일),연%
2018-05-03,1.65,CD(91일),연%
2018-05-04,1.65,CD(91일),연%
2018-05-08,1.65,CD(91일),연%
2018-05-09,1.65,CD(91일),연%
2018-05-10,1.65,CD(91일),연%
2018-05-11,1.65,CD(91일),연%
2018-05-14,1.65,CD(91일),연%
2018-05-15,1.65,CD(91일),연%
2018-05-16,1.65,CD(91일),연%
2018-05-17,1.65,CD(91일),연%
2018-05-18,1.65,CD(91일),연%
2018-05-21,1.65,CD(91일),연%
2018-05-23,1.65,CD(91일),연%
2018-05-24,1.65,CD(91일),연%
2018-05-25,1.65,CD(91일),연%
2018-05-28,1.65,CD(91일),연%
2018-05-29,1.65,CD(91일),연%
2018-05-30,1.65,CD(91일),연%
2018-05-31,1.65,CD(91일),연%
2018-06-01,1.65,CD(91일),연%
2018-06-04,1.65,CD(91일),연%
2018-06-05,1.65,CD(91일),연%
2018-06-07,1.65,CD(91일),연%
2018-06-08,1.65,CD(91일),연%
2018-06-11,1.65,CD(91일),연%
2018-06-12,1.65,CD(91일),연%
2018-06-14,1.65,CD(91일),연%
2018-06-15,1.65,CD(91일),연%
2018-06-18,1.65,CD(91일),연%
2018-06-19,1.65,CD(91일),연%
2018-06-20,1.65,CD(91일),연%
2018-06-21,1.65,CD(91일),연%
2018-06-22,1.65,CD(91일),연%
2018-06-25,1.65,CD(91일),연%
2018-06-26,1.65,CD(91일),연%
2018-06-27,1.65,CD(91일),연%
2018-06-28,1.65,CD(91일),연%
2018-06-29,1.65,CD(91일),연%
2018-07-02,1.65,CD(91일),연%
2018-07-03,1.65,CD(91일),연%
2018-07-04,1.65,CD(91일),연%
2018-07-05,1.65,CD(91일),연%
2018-07-06,1.65,CD(91일),연%
2018-07-09,1.65,CD(91일),연%
2018-07-10,1.65,CD(91일),연%
2018-07-11,1.65,CD(91일),연%
2018-07-12,1.65,CD(91일),연%
2018-07-13,1.65,CD(91일),연%
2018-07-16,1.65,CD(91일),연%
2018-07-17,1.65,CD(91일),연%
2018-07-18,1.65,CD(91일),연%
2018-07-19,1.65,CD(91일),연%
2018-07-20,1.65,CD(91일),연%
2018-07-23,1.65,CD(91일),연%
2018-07-24,1.65,CD(91일),연%
2018-07-25,1.65,CD(91일),연%
2018-07-26,1.65,CD(91일),연%
2018-07-27,1.65,CD(91일),연%
2018-07-30,1.65,CD(91일),연%
2018-07-31,1.65,CD(91일),연%
2018-08-01,1.65,CD(91일),연%
2018-08-02,1.65,CD(91일),연%
2018-08-03,1.65,CD(91일),연%
2018-08-06,1.65,CD(91일),연%
2018-08-07,1.65,CD(91일),연%
2018-08-08,1.65,CD(91일),연%
2018-08-09,1.65,CD(91일),연%
2018-08-10,1.65,CD(91일),연%
2018-08-13,1.65,CD(91일),연%
2018-08-14,1.65,CD(91일),연%
2018-08-16,1.65,CD(91일),연%
2018-08-17,1.65,CD(91일),연%
2018-08-20,1.65,CD(91일),연%
2018-08-21,1.65,CD(91일),연%
2018-08-22,1.65,CD(91일),연%
2018-08-23,1.65,CD(91일),연%
2018-08-24,1.65,CD(91일),연%
2018-08-27,1.65,CD(91일),연%
2018-08-28,1.65,CD(91일),연%
2018-08-29,1.65,CD(91일),연%
2018-08-30,1.65,CD(91일),연%
2018-08-31,1.65,CD(91일),연%
2018-09-03,1.65,CD(91일),연%
2018-09-04,1.65,CD(91일),연%
2018-09-05,1.65,CD(91일),연%
2018-09-06,1.65,CD(91일),연%
2018-09-07,1.65,CD(91일),연%
2018-09-10,1.65,CD(91일),연%
2018-09-11,1.65,CD(91일),연%
2018-09-12,1.65,CD(91일),연%
2018-09-13,1.65,CD(91일),연%
2018-09-14,1.65,CD(91일),연%
2018-09-17,1.65,CD(91일),연%
2018-09-18,1.65,CD(91일),연%
2018-09-19,1.65,CD(91일),연%
2018-09-20,1.65,CD(91일),연%
2018-09-21,1.65,CD(91일),연%
2018-09-27,1.65,CD(91일),연%
2018-09-28,1.65,CD(91일),연%
2018-10-01,1.65,CD(91일),연%
2018-10-02,1.65,CD(91일),연%
2018-10-04,1.65,CD(91일),연%
2018-10-05,1.65,CD(91일),연%
2018-10-08,1.65,CD(91일),연%
2018-10-10,1.65,CD(91일),연%
2018-10-11,1.65,CD(91일),연%
2018-10-12,1.66,CD(91일),연%
2018-10-15,1.67,CD(91일),연%
2018-10-16,1.68,CD(91일),연%
2018-10-17,1.68,CD(91일),연%
2018-10-18,1.69,CD(91일),연%
2018-10-19,1.7,CD(91일),연%
2018-10-22,1.7,CD(91일),연%
2018-10-23,1.7,CD(91일),연%
2018-10-24,1.7,CD(91일),연%
2018-10-25,1.7,CD(91일),연%
2018-10-26,1.7,CD(91일),연%
2018-10-29,1.7,CD(91일),연%
2018-10-30,1.7,CD(91일),연%
2018-10-31,1.7,CD(91일),연%
2018-11-01,1.7,CD(91일),연%
2018-11-02,1.7,CD(91일),연%
2018-11-05,1.7,CD(91일),연%
2018-11-06,1.7,CD(91일),연%
2018-11-07,1.7,CD(91일),연%
2018-11-08,1.7,CD(91일),연%
2018-11-09,1.7,CD(91일),연%
2018-11-12,1.7,CD(91일),연%
2018-11-13,1.7,CD(91일),연%
2018-11-14,1.7,CD(91일),연%
2018-11-15,1.7,CD(91일),연%
2018-11-16,1.7,CD(91일),연%
2018-11-19,1.7,CD(91일),연%
2018-11-20,1.7,CD(91일),연%
2018-11-21,1.7,CD(91일),연%
2018-11-22,1.7,CD(91일),연%
2018-11-23,1.7,CD(91일),연%
2018-11-26,1.7,CD(91일),연%
2018-11-27,1.7,CD(91일),연%
2018-11-28,1.7,CD(91일),연%
2018-11-29,1.7,CD(91일),연%
2018-11-30,1.9,CD(91일),연%
2018-12-03,1.9,CD(91일),연%
2018-12-04,1.9,CD(91일),연%
2018-12-05,1.9,CD(91일),연%
2018-12-06,1.9,CD(91일),연%
2018-12-07,1.9,CD(91일),연%
2018-12-10,1.9,CD(91일),연%
2018-12-11,1.9,CD(91일),연%
2018-12-12,1.9,CD(91일),연%
2018-12-13,1.9,CD(91일),연%
2018-12-14,1.9,CD(91일),연%
2018-12-17,1.9,CD(91일),연%
2018-12-18,1.9,CD(91일),연%
2018-12-19,1.9,CD(91일),연%
2018-12-20,1.9,CD(91일),연%
2018-12-21,1.9,CD(91일),연%
2018-12-24,1.9,CD(91일),연%
2018-12-26,1.92,CD(91일),연%
2018-12-27,1.92,CD(91일),연%
2018-12-28,1.93,CD(91일),연%
2018-12-31,1.93,CD(91일),연%
2019-01-02,1.93,CD(91일),연%
2019-01-03,1.92,CD(91일),연%
2019-01-04,1.86,CD(91일),연%
2019-01-07,1.86,CD(91일),연%
2019-01-08,1.86,CD(91일),연%
2019-01-09,1.86,CD(91일),연%
2019-01-10,1.86,CD(91일),연%
2019-01-11,1.86,CD(91일),연%
2019-01-14,1.86,CD(91일),연%
2019-01-15,1.86,CD(91일),연%
2019-01-16,1.86,CD(91일),연%
2019-01-17,1.86,CD(91일),연%
2019-01-18,1.86,CD(91일),연%
2019-01-21,1.86,CD(91일),연%
2019-01-22,1.86,CD(91일),연%
2019-01-23,1.86,CD(91일),연%
2019-01-24,1.86,CD(91일),연%
2019-01-25,1.86,CD(91일),연%
2019-01-28,1.86,CD(91일),연%
2019-01-29,1.86,CD(91일),연%
2019-01-30,1.86,CD(91일),연%
2019-01-31,1.86,CD(91일),연%
2019-02-01,1.86,CD(91일),연%
2019-02-07,1.86,CD(91일),연%
2019-02-08,1.86,CD(91일),연%
2019-02-11,1.86,CD(91일),연%
2019-02-12,1.86,CD(91일),연%
2019-02-13,1.86,CD(91일),연%
2019-02-14,1.86,CD(91일),연%
2019-02-15,1.86,CD(91일),연%
2019-02-18,1.87,CD(91일),연%
2019-02-19,1.88,CD(91일),연%
2019-02-20,1.89,CD(91일),연%
2019-02-21,1.89,CD(91일),연%
2019-02-22,1.89,CD(91일),연%
2019-02-25,1.89,CD(91일),연%
2019-02-26,1.89,CD(91일),연%
2019-02-27,1.89,CD(91일),연%
2019-02-28,1.89,CD(91일),연%
2019-03-04,1.89,CD(91일),연%
2019-03-05,1.89,CD(91일),연%
2019-03-06,1.89,CD(91일),연%
2019-03-07,1.89,CD(91일),연%
2019-03-08,1.89,CD(91일),연%
2019-03-11,1.89,CD(91일),연%
2019-03-12,1.89,CD(91일),연%
2019-03-13,1.89,CD(91일),연%
2019-03-14,1.89,CD(91일),연%
2019-03-15,1.9,CD(91일),연%
2019-03-18,1.9,CD(91일),연%
2019-03-19,1.9,CD(91일),연%
2019-03-20,1.9,CD(91일),연%
2019-03-21,1.9,CD(91일),연%
2019-03-22,1.9,CD(91일),연%
2019-03-25,1.9,CD(91일),연%
2019-03-26,1.9,CD(91일),연%
2019-03-27,1.9,CD(91일),연%
2019-03-28,1.9,CD(91일),연%
2019-03-29,1.9,CD(91일),연%
2019-04-01,1.9,CD(91일),연%
2019-04-02,1.89,CD(91일),연%
2019-04-03,1.87,CD(91일),연%
2019-04-04,1.87,CD(91일),연%
2019-04-05,1.86,CD(91일),연%
2019-04-08,1.86,CD(91일),연%
2019-04-09,1.86,CD(91일),연%
2019-04-10,1.86,CD(91일),연%
2019-04-11,1.86,CD(91일),연%
2019-04-12,1.86,CD(91일),연%
2019-04-15,1.86,CD(91일),연%
2019-04-16,1.86,CD(91일),연%
2019-04-17,1.86,CD(91일),연%
2019-04-18,1.86,CD(91일),연%
2019-04-19,1.86,CD(91일),연%
2019-04-22,1.85,CD(91일),연%
2019-04-23,1.85,CD(91일),연%
2019-04-24,1.85,CD(91일),연%
2019-04-25,1.85,CD(91일),연%
2019-04-26,1.84,CD(91일),연%
2019-04-29,1.84,CD(91일),연%
2019-04-30,1.84,CD(91일),연%
2019-05-02,1.84,CD(91일),연%
2019-05-03,1.84,CD(91일),연%
2019-05-07,1.84,CD(91일),연%
2019-05-08,1.84,CD(91일),연%
2019-05-09,1.84,CD(91일),연%
2019-05-10,1.84,CD(91일),연%
2019-05-13,1.84,CD(91일),연%
2019-05-14,1.84,CD(91일),연%
2019-05-15,1.84,CD(91일),연%
2019-05-16,1.84,CD(91일),연%
2019-05-17,1.84,CD(91일),연%
2019-05-20,1.84,CD(91일),연%
2019-05-21,1.84,CD(91일),연%
2019-05-22,1.84,CD(91일),연%
2019-05-23,1.84,CD(91일),연%
2019-05-24,1.84,CD(91일),연%
2019-05-27,1.84,CD(91일),연%
2019-05-28,1.84,CD(91일),연%
2019-05-29,1.84,CD(91일),연%
2019-05-30,1.84,CD(91일),연%
2019-05-31,1.84,CD(91일),연%
2019-06-03,1.82,CD(91일),연%
2019-06-04,1.82,CD(91일),연%
2019-06-05,1.82,CD(91일),연%
2019-06-07,1.82,CD(91일),연%
2019-06-10,1.82,CD(91일),연%
2019-06-11,1.82,CD(91일),연%
2019-06-12,1.81,CD(91일),연%
2019-06-13,1.81,CD(91일),연%
2019-06-14,1.81,CD(91일),연%
2019-06-17,1.8,CD(91일),연%
2019-06-18,1.8,CD(91일),연%
2019-06-19,1.8,CD(91일),연%
2019-06-20,1.8,CD(91일),연%
2019-06-21,1.8,CD(91일),연%
2019-06-24,1.79,CD(91일),연%
2019-06-25,1.79,CD(91일),연%
2019-06-26,1.78,CD(91일),연%
2019-06-27,1.78,CD(91일),연%
2019-06-28,1.78,CD(91일),연%
2019-07-01,1.78,CD(91일),연%
2019-07-02,1.78,CD(91일),연%
2019-07-03,1.78,CD(91일),연%
2019-07-04,1.78,CD(91일),연%
2019-07-05,1.78,CD(91일),연%
2019-07-08,1.78,CD(91일),연%
2019-07-09,1.78,CD(91일),연%
2019-07-10,1.78,CD(91일),연%
2019-07-11,1.78,CD(91일),연%
2019-07-12,1.78,CD(91일),연%
2019-07-15,1.78,CD(91일),연%
2019-07-16,1.78,CD(91일),연%
2019-07-17,1.73,CD(91일),연%
2019-07-18,1.61,CD(91일),연%
2019-07-19,1.59,CD(91일),연%
2019-07-22,1.59,CD(91일),연%
2019-07-23,1.59,CD(91일),연%
2019-07-24,1.56,CD(91일),연%
2019-07-25,1.54,CD(91일),연%
2019-07-26,1.53,CD(91일),연%
2019-07-29,1.53,CD(91일),연%
2019-07-30,1.52,CD(91일),연%
2019-07-31,1.5,CD(91일),연%
2019-08-01,1.5,CD(91일),연%
2019-08-02,1.5,CD(91일),연%
2019-08-05,1.5,CD(91일),연%
2019-08-06,1.49,CD(91일),연%
2019-08-07,1.49,CD(91일),연%
2019-08-08,1.49,CD(91일),연%
2019-08-09,1.49,CD(91일),연%
2019-08-12,1.49,CD(91일),연%
2019-08-13,1.49,CD(91일),연%
2019-08-14,1.49,CD(91일),연%
2019-08-16,1.49,CD(91일),연%
2019-08-19,1.49,CD(91일),연%
2019-08-20,1.49,CD(91일),연%
2019-08-21,1.49,CD(91일),연%
2019-08-22,1.49,CD(91일),연%
2019-08-23,1.49,CD(91일),연%
2019-08-26,1.49,CD(91일),연%
2019-08-27,1.49,CD(91일),연%
2019-08-28,1.49,CD(91일),연%
2019-08-29,1.49,CD(91일),연%
2019-08-30,1.49,CD(91일),연%
2019-09-02,1.49,CD(91일),연%
2019-09-03,1.49,CD(91일),연%
2019-09-04,1.5,CD(91일),연%
2019-09-05,1.53,CD(91일),연%
2019-09-06,1.54,CD(91일),연%
2019-09-09,1.54,CD(91일),연%
2019-09-10,1.54,CD(91일),연%
2019-09-11,1.54,CD(91일),연%
2019-09-16,1.54,CD(91일),연%
2019-09-17,1.54,CD(91일),연%
2019-09-18,1.54,CD(91일),연%
2019-09-19,1.55,CD(91일),연%
2019-09-20,1.55,CD(91일),연%
2019-09-23,1.55,CD(91일),연%
2019-09-24,1.55,CD(91일),연%
2019-09-25,1.55,CD(91일),연%
2019-09-26,1.55,CD(91일),연%
2019-09-27,1.55,CD(91일),연%
2019-09-30,1.55,CD(91일),연%
2019-10-01,1.55,CD(91일),연%
2019-10-02,1.55,CD(91일),연%
2019-10-04,1.55,CD(91일),연%
2019-10-07,1.55,CD(91일),연%
2019-10-08,1.55,CD(91일),연%
2019-10-10,1.55,CD(91일),연%
2019-10-11,1.55,CD(91일),연%
2019-10-14,1.55,CD(91일),연%
2019-10-15,1.55,CD(91일),연%
2019-10-16,1.36,CD(91일),연%
2019-10-17,1.36,CD(91일),연%
2019-10-18,1.36,CD(91일),연%
2019-10-21,1.36,CD(91일),연%
2019-10-22,1.36,CD(91일),연%
2019-10-23,1.36,CD(91일),연%
2019-10-24,1.37,CD(91일),연%
2019-10-25,1.37,CD(91일),연%
2019-10-28,1.44,CD(91일),연%
2019-10-29,1.44,CD(91일),연%
2019-10-30,1.44,CD(91일),연%
2019-10-31,1.44,CD(91일),연%
2019-11-01,1.44,CD(91일),연%
2019-11-04,1.46,CD(91일),연%
2019-11-05,1.49,CD(91일),연%
2019-11-06,1.5,CD(91일),연%
2019-11-07,1.52,CD(91일),연%
2019-11-08,1.52,CD(91일),연%
2019-11-11,1.53,CD(91일),연%
2019-11-12,1.53,CD(91일),연%
2019-11-13,1.53,CD(91일),연%
2019-11-14,1.53,CD(91일),연%
2019-11-15,1.53,CD(91일),연%
2019-11-18,1.53,CD(91일),연%
2019-11-19,1.53,CD(91일),연%
2019-11-20,1.53,CD(91일),연%
2019-11-21,1.53,CD(91일),연%
2019-11-22,1.53,CD(91일),연%
2019-11-25,1.53,CD(91일),연%
2019-11-26,1.53,CD(91일),연%
2019-11-27,1.53,CD(91일),연%
2019-11-28,1.53,CD(91일),연%
2019-11-29,1.53,CD(91일),연%
2019-12-02,1.53,CD(91일),연%
2019-12-03,1.53,CD(91일),연%
2019-12-04,1.53,CD(91일),연%
2019-12-05,1.53,CD(91일),연%
2019-12-06,1.53,CD(91일),연%
2019-12-09,1.53,CD(91일),연%
2019-12-10,1.53,CD(91일),연%
2019-12-11,1.53,CD(91일),연%
2019-12-12,1.53,CD(91일),연%
2019-12-13,1.53,CD(91일),연%
2019-12-16,1.53,CD(91일),연%
2019-12-17,1.53,CD(91일),연%
2019-12-18,1.53,CD(91일),연%
2019-12-19,1.53,CD(91일),연%
2019-12-20,1.53,CD(91일),연%
2019-12-23,1.53,CD(91일),연%
2019-12-24,1.53,CD(91일),연%
2019-12-26,1.53,CD(91일),연%
2019-12-27,1.53,CD(91일),연%
2019-12-30,1.53,CD(91일),연%
2019-12-31,1.53,CD(91일),연%
2020-01-02,1.53,CD(91일),연%
2020-01-03,1.53,CD(91일),연%
2020-01-06,1.49,CD(91일),연%
2020-01-07,1.46,CD(91일),연%
2020-01-08,1.46,CD(91일),연%
2020-01-09,1.46,CD(91일),연%
2020-01-10,1.46,CD(91일),연%
2020-01-13,1.46,CD(91일),연%
2020-01-14,1.46,CD(91일),연%
2020-01-15,1.46,CD(91일),연%
2020-01-16,1.46,CD(91일),연%
2020-01-17,1.46,CD(91일),연%
2020-01-20,1.46,CD(91일),연%
2020-01-21,1.46,CD(91일),연%
2020-01-22,1.46,CD(91일),연%
2020-01-23,1.46,CD(91일),연%
2020-01-28,1.46,CD(91일),연%
2020-01-29,1.46,CD(91일),연%
2020-01-30,1.43,CD(91일),연%
2020-01-31,1.42,CD(91일),연%
2020-02-03,1.42,CD(91일),연%
2020-02-04,1.42,CD(91일),연%
2020-02-05,1.42,CD(91일),연%
2020-02-06,1.42,CD(91일),연%
2020-02-07,1.42,CD(91일),연%
2020-02-10,1.42,CD(91일),연%
2020-02-11,1.42,CD(91일),연%
2020-02-12,1.42,CD(91일),연%
2020-02-13,1.42,CD(91일),연%
2020-02-14,1.42,CD(91일),연%
2020-02-17,1.42,CD(91일),연%
2020-02-18,1.42,CD(91일),연%
2020-02-19,1.42,CD(91일),연%
2020-02-20,1.41,CD(91일),연%
2020-02-21,1.41,CD(91일),연%
2020-02-24,1.41,CD(91일),연%
2020-02-25,1.41,CD(91일),연%
2020-02-26,1.41,CD(91일),연%
2020-02-27,1.41,CD(91일),연%
2020-02-28,1.41,CD(91일),연%
2020-03-02,1.41,CD(91일),연%
2020-03-03,1.41,CD(91일),연%
2020-03-04,1.4,CD(91일),연%
2020-03-05,1.4,CD(91일),연%
2020-03-06,1.4,CD(91일),연%
2020-03-09,1.4,CD(91일),연%
2020-03-10,1.4,CD(91일),연%
2020-03-11,1.4,CD(91일),연%
2020-03-12,1.39,CD(91일),연%
2020-03-13,1.39,CD(91일),연%
2020-03-16,1.39,CD(91일),연%
2020-03-17,1.02,CD(91일),연%
2020-03-18,1.02,CD(91일),연%
2020-03-19,1.02,CD(91일),연%
2020-03-20,1.02,CD(91일),연%
2020-03-23,1.02,CD(91일),연%
2020-03-24,1.07,CD(91일),연%
2020-03-25,1.1,CD(91일),연%
2020-03-26,1.1,CD(91일),연%
2020-03-27,1.1,CD(91일),연%
2020-03-30,1.1,CD(91일),연%
2020-03-31,1.1,CD(91일),연%
2020-04-01,1.1,CD(91일),연%
2020-04-02,1.1,CD(91일),연%
2020-04-03,1.1,CD(91일),연%
2020-04-06,1.1,CD(91일),연%
2020-04-07,1.1,CD(91일),연%
2020-04-08,1.1,CD(91일),연%
2020-04-09,1.1,CD(91일),연%
2020-04-10,1.1,CD(91일),연%
2020-04-13,1.1,CD(91일),연%
2020-04-14,1.1,CD(91일),연%
2020-04-16,1.1,CD(91일),연%
2020-04-17,1.1,CD(91일),연%
2020-04-20,1.1,CD(91일),연%
2020-04-21,1.1,CD(91일),연%
2020-04-22,1.1,CD(91일),연%
2020-04-23,1.1,CD(91일),연%
2020-04-24,1.1,CD(91일),연%
2020-04-27,1.1,CD(91일),연%
2020-04-28,1.1,CD(91일),연%
2020-04-29,1.1,CD(91일),연%
2020-05-04,1.1,CD(91일),연%
2020-05-06,1.1,CD(91일),연%
2020-05-07,1.08,CD(91일),연%
2020-05-08,1.08,CD(91일),연%
2020-05-11,1.05,CD(91일),연%
2020-05-12,1.05,CD(91일),연%
2020-05-13,1.05,CD(91일),연%
2020-05-14,1.05,CD(91일),연%
2020-05-15,1.05,CD(91일),연%
2020-05-18,1.05,CD(91일),연%
2020-05-19,1.02,CD(91일),연%
2020-05-20,1.02,CD(91일),연%
2020-05-21,1.02,CD(91일),연%
2020-05-22,1.02,CD(91일),연%
2020-05-25,1.02,CD(91일),연%
2020-05-26,1.02,CD(91일),연%
2020-05-27,1.02,CD(91일),연%
2020-05-28,0.81,CD(91일),연%
2020-05-29,0.81,CD(91일),연%
2020-06-01,0.81,CD(91일),연%
2020-06-02,0.81,CD(91일),연%
2020-06-03,0.81,CD(91일),연%
2020-06-04,0.8,CD(91일),연%
2020-06-05,0.79,CD(91일),연%
2020-06-08,0.79,CD(91일),연%
2020-06-09,0.79,CD(91일),연%
2020-06-10,0.79,CD(91일),연%
2020-06-11,0.79,CD(91일),연%
2020-06-12,0.79,CD(91일),연%
2020-06-15,0.79,CD(91일),연%
2020-06-16,0.79,CD(91일),연%
2020-06-17,0.79,CD(91일),연%
2020-06-18,0.79,CD(91일),연%
2020-06-19,0.79,CD(91일),연%
2020-06-22,0.79,CD(91일),연%
2020-06-23,0.79,CD(91일),연%
2020-06-24,0.79,CD(91일),연%
2020-06-25,0.79,CD(91일),연%
2020-06-26,0.79,CD(91일),연%
2020-06-29,0.79,CD(91일),연%
2020-06-30,0.79,CD(91일),연%
2020-07-01,0.79,CD(91일),연%
2020-07-02,0.79,CD(91일),연%
2020-07-03,0.79,CD(91일),연%
2020-07-06,0.79,CD(91일),연%
2020-07-07,0.79,CD(91일),연%
2020-07-08,0.79,CD(91일),연%
2020-07-09,0.79,CD(91일),연%
2020-07-10,0.79,CD(91일),연%
2020-07-13,0.79,CD(91일),연%
2020-07-14,0.79,CD(91일),연%
2020-07-15,0.79,CD(91일),연%
2020-07-16,0.79,CD(91일),연%
2020-07-17,0.79,CD(91일),연%
2020-07-20,0.79,CD(91일),연%
2020-07-21,0.79,CD(91일),연%
2020-07-22,0.79,CD(91일),연%
2020-07-23,0.78,CD(91일),연%
2020-07-24,0.78,CD(91일),연%
2020-07-27,0.78,CD(91일),연%
2020-07-28,0.78,CD(91일),연%
2020-07-29,0.78,CD(91일),연%
2020-07-30,0.78,CD(91일),연%
2020-07-31,0.78,CD(91일),연%
2020-08-03,0.78,CD(91일),연%
2020-08-04,0.76,CD(91일),연%
2020-08-05,0.76,CD(91일),연%
2020-08-06,0.76,CD(91일),연%
2020-08-07,0.75,CD(91일),연%
2020-08-10,0.74,CD(91일),연%
2020-08-11,0.73,CD(91일),연%
2020-08-12,0.7,CD(91일),연%
2020-08-13,0.67,CD(91일),연%
2020-08-14,0.65,CD(91일),연%
2020-08-18,0.64,CD(91일),연%
2020-08-19,0.63,CD(91일),연%
2020-08-20,0.63,CD(91일),연%
2020-08-21,0.63,CD(91일),연%
2020-08-24,0.63,CD(91일),연%
2020-08-25,0.63,CD(91일),연%
2020-08-26,0.63,CD(91일),연%
2020-08-27,0.63,CD(91일),연%
2020-08-28,0.63,CD(91일),연%
2020-08-31,0.63,CD(91일),연%
2020-09-01,0.63,CD(91일),연%
2020-09-02,0.63,CD(91일),연%
2020-09-03,0.63,CD(91일),연%
2020-09-04,0.63,CD(91일),연%
2020-09-07,0.63,CD(91일),연%
2020-09-08,0.63,CD(91일),연%
2020-09-09,0.63,CD(91일),연%
2020-09-10,0.63,CD(91일),연%
2020-09-11,0.63,CD(91일),연%
2020-09-14,0.63,CD(91일),연%
2020-09-15,0.63,CD(91일),연%
2020-09-16,0.63,CD(91일),연%
2020-09-17,0.63,CD(91일),연%
2020-09-18,0.63,CD(91일),연%
2020-09-21,0.63,CD(91일),연%
2020-09-22,0.63,CD(91일),연%
2020-09-23,0.63,CD(91일),연%
2020-09-24,0.63,CD(91일),연%
2020-09-25,0.63,CD(91일),연%
2020-09-28,0.63,CD(91일),연%
2020-09-29,0.63,CD(91일),연%
2020-10-05,0.63,CD(91일),연%
2020-10-06,0.63,CD(91일),연%
2020-10-07,0.63,CD(91일),연%
2020-10-08,0.63,CD(91일),연%
2020-10-12,0.63,CD(91일),연%
2020-10-13,0.63,CD(91일),연%
2020-10-14,0.63,CD(91일),연%
2020-10-15,0.63,CD(91일),연%
2020-10-16,0.63,CD(91일),연%
2020-10-19,0.63,CD(91일),연%
2020-10-20,0.63,CD(91일),연%
2020-10-21,0.63,CD(91일),연%
2020-10-22,0.63,CD(91일),연%
2020-10-23,0.63,CD(91일),연%
2020-10-26,0.63,CD(91일),연%
2020-10-27,0.63,CD(91일),연%
2020-10-28,0.63,CD(91일),연%
2020-10-29,0.63,CD(91일),연%
2020-10-30,0.63,CD(91일),연%
2020-11-02,0.63,CD(91일),연%
2020-11-03,0.67,CD(91일),연%
2020-11-04,0.67,CD(91일),연%
2020-11-05,0.66,CD(91일),연%
2020-11-06,0.66,CD(91일),연%
2020-11-09,0.66,CD(91일),연%
2020-11-10,0.66,CD(91일),연%
2020-11-11,0.66,CD(91일),연%
2020-11-12,0.66,CD(91일),연%
2020-11-13,0.66,CD(91일),연%
2020-11-16,0.66,CD(91일),연%
2020-11-17,0.66,CD(91일),연%
2020-11-18,0.66,CD(91일),연%
2020-11-19,0.66,CD(91일),연%
2020-11-20,0.66,CD(91일),연%
2020-11-23,0.66,CD(91일),연%
2020-11-24,0.66,CD(91일),연%
2020-11-25,0.66,CD(91일),연%
2020-11-26,0.66,CD(91일),연%
2020-11-27,0.66,CD(91일),연%
2020-11-30,0.66,CD(91일),연%
2020-12-01,0.66,CD(91일),연%
2020-12-02,0.66,CD(91일),연%
2020-12-03,0.66,CD(91일),연%
2020-12-04,0.66,CD(91일),연%
2020-12-07,0.66,CD(91일),연%
2020-12-08,0.66,CD(91일),연%
2020-12-09,0.66,CD(91일),연%
2020-12-10,0.66,CD(91일),연%
2020-12-11,0.66,CD(91일),연%
2020-12-14,0.66,CD(91일),연%
2020-12-15,0.66,CD(91일),연%
2020-12-16,0.66,CD(91일),연%
2020-12-17,0.66,CD(91일),연%
2020-12-18,0.66,CD(91일),연%
2020-12-21,0.66,CD(91일),연%
2020-12-22,0.66,CD(91일),연%
2020-12-23,0.66,CD(91일),연%
2020-12-24,0.66,CD(91일),연%
2020-12-28,0.66,CD(91일),연%
2020-12-29,0.66,CD(91일),연%
2020-12-30,0.66,CD(91일),연%
2020-12-31,0.66,CD(91일),연%
2021-01-04,0.66,CD(91일),연%
2021-01-05,0.66,CD(91일),연%
2021-01-06,0.66,CD(91일),연%
2021-01-07,0.66,CD(91일),연%
2021-01-08,0.66,CD(91일),연%
2021-01-11,0.66,CD(91일),연%
2021-01-12,0.66,CD(91일),연%
2021-01-13,0.67,CD(91일),연%
2021-01-14,0.67,CD(91일),연%
2021-01-15,0.67,CD(91일),연%
2021-01-18,0.69,CD(91일),연%
2021-01-19,0.69,CD(91일),연%
2021-01-20,0.69,CD(91일),연%
2021-01-21,0.69,CD(91일),연%
2021-01-22,0.69,CD(91일),연%
2021-01-25,0.69,CD(91일),연%
2021-01-26,0.69,CD(91일),연%
2021-01-27,0.7,CD(91일),연%
2021-01-28,0.7,CD(91일),연%
2021-01-29,0.7,CD(91일),연%
2021-02-01,0.7,CD(91일),연%
2021-02-02,0.73,CD(91일),연%
2021-02-03,0.73,CD(91일),연%
2021-02-04,0.73,CD(91일),연%
2021-02-05,0.73,CD(91일),연%
2021-02-08,0.73,CD(91일),연%
2021-02-09,0.73,CD(91일),연%
2021-02-10,0.73,CD(91일),연%
2021-02-15,0.73,CD(91일),연%
2021-02-16,0.74,CD(91일),연%
2021-02-17,0.74,CD(91일),연%
2021-02-18,0.74,CD(91일),연%
2021-02-19,0.74,CD(91일),연%
2021-02-22,0.74,CD(91일),연%
2021-02-23,0.74,CD(91일),연%
2021-02-24,0.74,CD(91일),연%
2021-02-25,0.74,CD(91일),연%
2021-02-26,0.74,CD(91일),연%
2021-03-02,0.74,CD(91일),연%
2021-03-03,0.74,CD(91일),연%
2021-03-04,0.74,CD(91일),연%
2021-03-05,0.74,CD(91일),연%
2021-03-08,0.74,CD(91일),연%
2021-03-09,0.75,CD(91일),연%
2021-03-10,0.75,CD(91일),연%
2021-03-11,0.75,CD(91일),연%
2021-03-12,0.75,CD(91일),연%
2021-03-15,0.75,CD(91일),연%
2021-03-16,0.75,CD(91일),연%
2021-03-17,0.75,CD(91일),연%
2021-03-18,0.75,CD(91일),연%
2021-03-19,0.75,CD(91일),연%
2021-03-22,0.75,CD(91일),연%
2021-03-23,0.75,CD(91일),연%
2021-03-24,0.75,CD(91일),연%
2021-03-25,0.75,CD(91일),연%
2021-03-26,0.75,CD(91일),연%
2021-03-29,0.75,CD(91일),연%
2021-03-30,0.75,CD(91일),연%
2021-03-31,0.75,CD(91일),연%
2021-04-01,0.75,CD(91일),연%
2021-04-02,0.75,CD(91일),연%
2021-04-05,0.75,CD(91일),연%
2021-04-06,0.75,CD(91일),연%
2021-04-07,0.75,CD(91일),연%
2021-04-08,0.75,CD(91일),연%
2021-04-09,0.75,CD(91일),연%
2021-04-12,0.75,CD(91일),연%
2021-04-13,0.73,CD(91일),연%
2021-04-14,0.73,CD(91일),연%
2021-04-15,0.73,CD(91일),연%
2021-04-16,0.73,CD(91일),연%
2021-04-19,0.73,CD(91일),연%
2021-04-20,0.73,CD(91일),연%
2021-04-21,0.73,CD(91일),연%
2021-04-22,0.73,CD(91일),연%
2021-04-23,0.73,CD(91일),연%
2021-04-26,0.73,CD(91일),연%
2021-04-27,0.73,CD(91일),연%
2021-04-28,0.73,CD(91일),연%
2021-04-29,0.73,CD(91일),연%
2021-04-30,0.73,CD(91일),연%
2021-05-03,0.73,CD(91일),연%
2021-05-04,0.73,CD(91일),연%
2021-05-06,0.73,CD(91일),연%
2021-05-07,0.72,CD(91일),연%
2021-05-10,0.71,CD(91일),연%
2021-05-11,0.69,CD(91일),연%
2021-05-12,0.69,CD(91일),연%
2021-05-13,0.67,CD(91일),연%
2021-05-14,0.67,CD(91일),연%
2021-05-17,0.67,CD(91일),연%
2021-05-18,0.67,CD(91일),연%
2021-05-20,0.66,CD(91일),연%
2021-05-21,0.66,CD(91일),연%
2021-05-24,0.66,CD(91일),연%
2021-05-25,0.66,CD(91일),연%
2021-05-26,0.66,CD(91일),연%
2021-05-27,0.66,CD(91일),연%
2021-05-28,0.66,CD(91일),연%
2021-05-31,0.66,CD(91일),연%
2021-06-01,0.66,CD(91일),연%
2021-06-02,0.66,CD(91일),연%
2021-06-03,0.66,CD(91일),연%
2021-06-04,0.66,CD(91일),연%
2021-06-07,0.66,CD(91일),연%
2021-06-08,0.66,CD(91일),연%
2021-06-09,0.66,CD(91일),연%
2021-06-10,0.66,CD(91일),연%
2021-06-11,0.66,CD(91일),연%
2021-06-14,0.66,CD(91일),연%
2021-06-15,0.66,CD(91일),연%
2021-06-16,0.66,CD(91일),연%
2021-06-17,0.66,CD(91일),연%
2021-06-18,0.66,CD(91일),연%
2021-06-21,0.66,CD(91일),연%
2021-06-22,0.66,CD(91일),연%
2021-06-23,0.66,CD(91일),연%
2021-06-24,0.67,CD(91일),연%
2021-06-25,0.67,CD(91일),연%
2021-06-28,0.67,CD(91일),연%
2021-06-29,0.68,CD(91일),연%
2021-06-30,0.68,CD(91일),연%
2021-07-01,0.69,CD(91일),연%
2021-07-02,0.69,CD(91일),연%
2021-07-05,0.69,CD(91일),연%
2021-07-06,0.69,CD(91일),연%
2021-07-07,0.69,CD(91일),연%
2021-07-08,0.69,CD(91일),연%
2021-07-09,0.68,CD(91일),연%
2021-07-12,0.68,CD(91일),연%
2021-07-13,0.69,CD(91일),연%
2021-07-14,0.69,CD(91일),연%
2021-07-15,0.69,CD(91일),연%
2021-07-16,0.7,CD(91일),연%
2021-07-19,0.7,CD(91일),연%
2021-07-20,0.7,CD(91일),연%
2021-07-21,0.7,CD(91일),연%
2021-07-22,0.7,CD(91일),연%
2021-07-23,0.7,CD(91일),연%
2021-07-26,0.7,CD(91일),연%
2021-07-27,0.7,CD(91일),연%
2021-07-28,0.7,CD(91일),연%
2021-07-29,0.7,CD(91일),연%
2021-07-30,0.7,CD(91일),연%
2021-08-02,0.7,CD(91일),연%
2021-08-03,0.7,CD(91일),연%
2021-08-04,0.7,CD(91일),연%
2021-08-05,0.7,CD(91일),연%
2021-08-06,0.7,CD(91일),연%
2021-08-09,0.7,CD(91일),연%
2021-08-10,0.71,CD(91일),연%
2021-08-11,0.71,CD(91일),연%
2021-08-12,0.72,CD(91일),연%
2021-08-13,0.73,CD(91일),연%
2021-08-17,0.74,CD(91일),연%
2021-08-18,0.75,CD(91일),연%
2021-08-19,0.76,CD(91일),연%
2021-08-20,0.76,CD(91일),연%
2021-08-23,0.77,CD(91일),연%
2021-08-24,0.77,CD(91일),연%
2021-08-25,0.77,CD(91일),연%
2021-08-26,0.92,CD(91일),연%
2021-08-27,0.92,CD(91일),연%
2021-08-30,0.92,CD(91일),연%
2021-08-31,0.92,CD(91일),연%
2021-09-01,0.92,CD(91일),연%
2021-09-02,0.92,CD(91일),연%
2021-09-03,0.92,CD(91일),연%
2021-09-06,0.92,CD(91일),연%
2021-09-07,0.92,CD(91일),연%
2021-09-08,0.92,CD(91일),연%
2021-09-09,0.93,CD(91일),연%
2021-09-10,0.96,CD(91일),연%
2021-09-13,1.0,CD(91일),연%
2021-09-14,1.0,CD(91일),연%
2021-09-15,1.01,CD(91일),연%
2021-09-16,1.01,CD(91일),연%
2021-09-17,1.01,CD(91일),연%
2021-09-23,1.02,CD(91일),연%
2021-09-24,1.02,CD(91일),연%
2021-09-27,1.03,CD(91일),연%
2021-09-28,1.04,CD(91일),연%
2021-09-29,1.04,CD(91일),연%
2021-09-30,1.04,CD(91일),연%
2021-10-01,1.04,CD(91일),연%
2021-10-05,1.04,CD(91일),연%
2021-10-06,1.05,CD(91일),연%
2021-10-07,1.05,CD(91일),연%
2021-10-08,1.05,CD(91일),연%
2021-10-12,1.06,CD(91일),연%
2021-10-13,1.07,CD(91일),연%
2021-10-14,1.07,CD(91일),연%
2021-10-15,1.07,CD(91일),연%
2021-10-18,1.08,CD(91일),연%
2021-10-19,1.09,CD(91일),연%
2021-10-20,1.09,CD(91일),연%
2021-10-21,1.09,CD(91일),연%
2021-10-22,1.09,CD(91일),연%
2021-10-25,1.09,CD(91일),연%
2021-10-26,1.09,CD(91일),연%
2021-10-27,1.1,CD(91일),연%
2021-10-28,1.1,CD(91일),연%
2021-10-29,1.12,CD(91일),연%
2021-11-01,1.12,CD(91일),연%
2021-11-02,1.12,CD(91일),연%
2021-11-03,1.12,CD(91일),연%
2021-11-04,1.13,CD(91일),연%
2021-11-05,1.13,CD(91일),연%
2021-11-08,1.14,CD(91일),연%
2021-11-09,1.14,CD(91일),연%
2021-11-10,1.15,CD(91일),연%
2021-11-11,1.15,CD(91일),연%
2021-11-12,1.15,CD(91일),연%
2021-11-15,1.15,CD(91일),연%
2021-11-16,1.15,CD(91일),연%
2021-11-17,1.15,CD(91일),연%
2021-11-18,1.15,CD(91일),연%
2021-11-19,1.17,CD(91일),연%
2021-11-22,1.18,CD(91일),연%
2021-11-23,1.19,CD(91일),연%
2021-11-24,1.2,CD(91일),연%
2021-11-25,1.25,CD(91일),연%
2021-11-26,1.25,CD(91일),연%
2021-11-29,1.25,CD(91일),연%
2021-11-30,1.26,CD(91일),연%
2021-12-01,1.26,CD(91일),연%
2021-12-02,1.26,CD(91일),연%
2021-12-03,1.27,CD(91일),연%
2021-12-06,1.27,CD(91일),연%
2021-12-07,1.27,CD(91일),연%
2021-12-08,1.27,CD(91일),연%
2021-12-09,1.27,CD(91일),연%
2021-12-10,1.27,CD(91일),연%
2021-12-13,1.27,CD(91일),연%
2021-12-14,1.27,CD(91일),연%
2021-12-15,1.27,CD(91일),연%
2021-12-16,1.27,CD(91일),연%
2021-12-17,1.27,CD(91일),연%
2021-12-20,1.27,CD(91일),연%
2021-12-21,1.27,CD(91일),연%
2021-12-22,1.27,CD(91일),연%
2021-12-23,1.27,CD(91일),연%
2021-12-24,1.27,CD(91일),연%
2021-12-27,1.28,CD(91일),연%
2021-12-28,1.28,CD(91일),연%
2021-12-29,1.28,CD(91일),연%
2021-12-30,1.29,CD(91일),연%
2021-12-31,1.29,CD(91일),연%
2022-01-03,1.3,CD(91일),연%
2022-01-04,1.3,CD(91일),연%
2022-01-05,1.3,CD(91일),연%
2022-01-06,1.3,CD(91일),연%
2022-01-07,1.3,CD(91일),연%
2022-01-10,1.3,CD(91일),연%
2022-01-11,1.3,CD(91일),연%
2022-01-12,1.31,CD(91일),연%
2022-01-13,1.35,CD(91일),연%
2022-01-14,1.43,CD(91일),연%
2022-01-17,1.44,CD(91일),연%
2022-01-18,1.45,CD(91일),연%
2022-01-19,1.46,CD(91일),연%
2022-01-20,1.46,CD(91일),연%
2022-01-21,1.46,CD(91일),연%
2022-01-24,1.46,CD(91일),연%
2022-01-25,1.48,CD(91일),연%
2022-01-26,1.49,CD(91일),연%
2022-01-27,1.5,CD(91일),연%
2022-01-28,1.5,CD(91일),연%
2022-02-03,1.5,CD(91일),연%
2022-02-04,1.5,CD(91일),연%
2022-02-07,1.5,CD(91일),연%
2022-02-08,1.5,CD(91일),연%
2022-02-09,1.5,CD(91일),연%
2022-02-10,1.5,CD(91일),연%
2022-02-11,1.5,CD(91일),연%
2022-02-14,1.5,CD(91일),연%
2022-02-15,1.5,CD(91일),연%
2022-02-16,1.5,CD(91일),연%
2022-02-17,1.5,CD(91일),연%
2022-02-18,1.5,CD(91일),연%
2022-02-21,1.5,CD(91일),연%
2022-02-22,1.5,CD(91일),연%
2022-02-23,1.5,CD(91일),연%
2022-02-24,1.5,CD(91일),연%
2022-02-25,1.5,CD(91일),연%
2022-02-28,1.5,CD(91일),연%
2022-03-02,1.5,CD(91일),연%
2022-03-03,1.5,CD(91일),연%
2022-03-04,1.5,CD(91일),연%
2022-03-07,1.5,CD(91일),연%
2022-03-08,1.5,CD(91일),연%
2022-03-10,1.5,CD(91일),연%
2022-03-11,1.5,CD(91일),연%
2022-03-14,1.5,CD(91일),연%
2022-03-15,1.5,CD(91일),연%
2022-03-16,1.5,CD(91일),연%
2022-03-17,1.5,CD(91일),연%
2022-03-18,1.5,CD(91일),연%
2022-03-21,1.5,CD(91일),연%
2022-03-22,1.5,CD(91일),연%
2022-03-23,1.5,CD(91일),연%
2022-03-24,1.51,CD(91일),연%
2022-03-25,1.51,CD(91일),연%
2022-03-28,1.51,CD(91일),연%
2022-03-29,1.51,CD(91일),연%
2022-03-30,1.51,CD(91일),연%
2022-03-31,1.51,CD(91일),연%
2022-04-01,1.51,CD(91일),연%
2022-04-04,1.51,CD(91일),연%
2022-04-05,1.51,CD(91일),연%
2022-04-06,1.51,CD(91일),연%
2022-04-07,1.51,CD(91일),연%
2022-04-08,1.51,CD(91일),연%
2022-04-11,1.51,CD(91일),연%
2022-04-12,1.51,CD(91일),연%
2022-04-13,1.51,CD(91일),연%
2022-04-14,1.72,CD(91일),연%
2022-04-15,1.72,CD(91일),연%
2022-04-18,1.72,CD(91일),연%
2022-04-19,1.72,CD(91일),연%
2022-04-20,1.72,CD(91일),연%
2022-04-21,1.72,CD(91일),연%
2022-04-22,1.72,CD(91일),연%
2022-04-25,1.72,CD(91일),연%
2022-04-26,1.72,CD(91일),연%
2022-04-27,1.72,CD(91일),연%
2022-04-28,1.72,CD(91일),연%
2022-04-29,1.72,CD(91일),연%
2022-05-02,1.72,CD(91일),연%
2022-05-03,1.72,CD(91일),연%
2022-05-04,1.72,CD(91일),연%
2022-05-06,1.72,CD(91일),연%
2022-05-09,1.72,CD(91일),연%
2022-05-10,1.72,CD(91일),연%
2022-05-11,1.72,CD(91일),연%
2022-05-12,1.72,CD(91일),연%
2022-05-13,1.72,CD(91일),연%
2022-05-16,1.72,CD(91일),연%
2022-05-17,1.72,CD(91일),연%
2022-05-18,1.72,CD(91일),연%
2022-05-19,1.72,CD(91일),연%
2022-05-20,1.72,CD(91일),연%
2022-05-23,1.75,CD(91일),연%
2022-05-24,1.75,CD(91일),연%
2022-05-25,1.75,CD(91일),연%
2022-05-26,1.96,CD(91일),연%
2022-05-27,1.96,CD(91일),연%
2022-05-30,1.96,CD(91일),연%
2022-05-31,1.96,CD(91일),연%
2022-06-02,1.96,CD(91일),연%
2022-06-03,1.96,CD(91일),연%
2022-06-07,1.96,CD(91일),연%
2022-06-08,1.96,CD(91일),연%
2022-06-09,1.96,CD(91일),연%
2022-06-10,1.96,CD(91일),연%
2022-06-13,1.96,CD(91일),연%
2022-06-14,1.97,CD(91일),연%
2022-06-15,1.97,CD(91일),연%
2022-06-16,1.99,CD(91일),연%
2022-06-17,1.99,CD(91일),연%
2022-06-20,1.99,CD(91일),연%
2022-06-21,1.99,CD(91일),연%
2022-06-22,2.0,CD(91일),연%
2022-06-23,2.0,CD(91일),연%
2022-06-24,2.0,CD(91일),연%
2022-06-27,2.0,CD(91일),연%
2022-06-28,2.02,CD(91일),연%
2022-06-29,2.04,CD(91일),연%
2022-06-30,2.04,CD(91일),연%
2022-07-01,2.05,CD(91일),연%
2022-07-04,2.05,CD(91일),연%
2022-07-05,2.05,CD(91일),연%
2022-07-06,2.05,CD(91일),연%
2022-07-07,2.05,CD(91일),연%
2022-07-08,2.05,CD(91일),연%
2022-07-11,2.12,CD(91일),연%
2022-07-12,2.14,CD(91일),연%
2022-07-13,2.57,CD(91일),연%
2022-07-14,2.58,CD(91일),연%
2022-07-15,2.58,CD(91일),연%
2022-07-18,2.58,CD(91일),연%
2022-07-19,2.58,CD(91일),연%
2022-07-20,2.58,CD(91일),연%
2022-07-21,2.58,CD(91일),연%
2022-07-22,2.58,CD(91일),연%
2022-07-25,2.59,CD(91일),연%
2022-07-26,2.61,CD(91일),연%
2022-07-27,2.68,CD(91일),연%
2022-07-28,2.74,CD(91일),연%
2022-07-29,2.73,CD(91일),연%
2022-08-01,2.73,CD(91일),연%
2022-08-02,2.73,CD(91일),연%
2022-08-03,2.73,CD(91일),연%
2022-08-04,2.74,CD(91일),연%
2022-08-05,2.74,CD(91일),연%
2022-08-08,2.75,CD(91일),연%
2022-08-09,2.75,CD(91일),연%
2022-08-10,2.76,CD(91일),연%
2022-08-11,2.76,CD(91일),연%
2022-08-12,2.76,CD(91일),연%
2022-08-16,2.76,CD(91일),연%
2022-08-17,2.76,CD(91일),연%
2022-08-18,2.76,CD(91일),연%
2022-08-19,2.76,CD(91일),연%
2022-08-22,2.76,CD(91일),연%
2022-08-23,2.76,CD(91일),연%
2022-08-24,2.76,CD(91일),연%
2022-08-25,2.92,CD(91일),연%
2022-08-26,2.92,CD(91일),연%
2022-08-29,2.92,CD(91일),연%
2022-08-30,2.92,CD(91일),연%
2022-08-31,2.92,CD(91일),연%
2022-09-01,2.92,CD(91일),연%
2022-09-02,2.93,CD(91일),연%
2022-09-05,2.93,CD(91일),연%
2022-09-06,2.93,CD(91일),연%
2022-09-07,2.93,CD(91일),연%
2022-09-08,2.93,CD(91일),연%
2022-09-13,2.93,CD(91일),연%
2022-09-14,2.94,CD(91일),연%
2022-09-15,2.96,CD(91일),연%
2022-09-16,2.97,CD(91일),연%
2022-09-19,2.99,CD(91일),연%
2022-09-20,3.0,CD(91일),연%
2022-09-21,3.02,CD(91일),연%
2022-09-22,3.04,CD(91일),연%
2022-09-23,3.07,CD(91일),연%
2022-09-26,3.09,CD(91일),연%
2022-09-27,3.12,CD(91일),연%
2022-09-28,3.14,CD(91일),연%
2022-09-29,3.2,CD(91일),연%
2022-09-30,3.24,CD(91일),연%
2022-10-04,3.28,CD(91일),연%
2022-10-05,3.32,CD(91일),연%
2022-10-06,3.32,CD(91일),연%
2022-10-07,3.32,CD(91일),연%
2022-10-11,3.32,CD(91일),연%
2022-10-12,3.63,CD(91일),연%
2022-10-13,3.66,CD(91일),연%
2022-10-14,3.66,CD(91일),연%
2022-10-17,3.7,CD(91일),연%
2022-10-18,3.76,CD(91일),연%
2022-10-19,3.81,CD(91일),연%
2022-10-20,3.85,CD(91일),연%
2022-10-21,3.9,CD(91일),연%
2022-10-24,3.92,CD(91일),연%
2022-10-25,3.93,CD(91일),연%
2022-10-26,3.94,CD(91일),연%
2022-10-27,3.94,CD(91일),연%
2022-10-28,3.95,CD(91일),연%
2022-10-31,3.96,CD(91일),연%
2022-11-01,3.97,CD(91일),연%
2022-11-02,3.97,CD(91일),연%
2022-11-03,3.97,CD(91일),연%
2022-11-04,3.97,CD(91일),연%
2022-11-07,3.97,CD(91일),연%
2022-11-08,3.97,CD(91일),연%
2022-11-09,3.97,CD(91일),연%
2022-11-10,3.97,CD(91일),연%
2022-11-11,3.97,CD(91일),연%
2022-11-14,3.97,CD(91일),연%
2022-11-15,3.97,CD(91일),연%
2022-11-16,3.97,CD(91일),연%
2022-11-17,3.99,CD(91일),연%
2022-11-18,3.99,CD(91일),연%
2022-11-21,4.01,CD(91일),연%
2022-11-22,4.02,CD(91일),연%
2022-11-23,4.02,CD(91일),연%
2022-11-24,4.03,CD(91일),연%
2022-11-25,4.03,CD(91일),연%
2022-11-28,4.03,CD(91일),연%
2022-11-29,4.03,CD(91일),연%
2022-11-30,4.03,CD(91일),연%
2022-12-01,4.03,CD(91일),연%
2022-12-02,4.03,CD(91일),연%
2022-12-05,4.03,CD(91일),연%
2022-12-06,4.03,CD(91일),연%
2022-12-07,4.03,CD(91일),연%
2022-12-08,4.03,CD(91일),연%
2022-12-09,4.03,CD(91일),연%
2022-12-12,4.03,CD(91일),연%
2022-12-13,4.03,CD(91일),연%
2022-12-14,4.03,CD(91일),연%
2022-12-15,4.03,CD(91일),연%
2022-12-16,4.03,CD(91일),연%
2022-12-19,4.03,CD(91일),연%
2022-12-20,4.03,CD(91일),연%
2022-12-21,4.03,CD(91일),연%
2022-12-22,4.03,CD(91일),연%
2022-12-23,4.03,CD(91일),연%
2022-12-26,4.03,CD(91일),연%
2022-12-27,3.98,CD(91일),연%
2022-12-28,3.98,CD(91일),연%
2022-12-29,3.98,CD(91일),연%
2022-12-30,3.98,CD(91일),연%
2023-01-02,3.98,CD(91일),연%
2023-01-03,3.96,CD(91일),연%
2023-01-04,3.96,CD(91일),연%
2023-01-05,3.96,CD(91일),연%
2023-01-06,3.92,CD(91일),연%
2023-01-09,3.92,CD(91일),연%
2023-01-10,3.9,CD(91일),연%
2023-01-11,3.88,CD(91일),연%
2023-01-12,3.87,CD(91일),연%
2023-01-13,3.88,CD(91일),연%
2023-01-16,3.79,CD(91일),연%
2023-01-17,3.74,CD(91일),연%
2023-01-18,3.7,CD(91일),연%
2023-01-19,3.68,CD(91일),연%
2023-01-20,3.67,CD(91일),연%
2023-01-25,3.66,CD(91일),연%
2023-01-26,3.65,CD(91일),연%
2023-01-27,3.64,CD(91일),연%
2023-01-30,3.63,CD(91일),연%
2023-01-31,3.63,CD(91일),연%
2023-02-01,3.59,CD(91일),연%
2023-02-02,3.52,CD(91일),연%
2023-02-03,3.49,CD(91일),연%
2023-02-06,3.47,CD(91일),연%
2023-02-07,3.46,CD(91일),연%
2023-02-08,3.46,CD(91일),연%
2023-02-09,3.46,CD(91일),연%
2023-02-10,3.47,CD(91일),연%
2023-02-13,3.48,CD(91일),연%
2023-02-14,3.48,CD(91일),연%
2023-02-15,3.49,CD(91일),연%
2023-02-16,3.5,CD(91일),연%
2023-02-17,3.52,CD(91일),연%
2023-02-20,3.53,CD(91일),연%
2023-02-21,3.54,CD(91일),연%
2023-02-22,3.56,CD(91일),연%
2023-02-23,3.59,CD(91일),연%
2023-02-24,3.59,CD(91일),연%
2023-02-27,3.59,CD(91일),연%
2023-02-28,3.59,CD(91일),연%
2023-03-02,3.61,CD(91일),연%
2023-03-03,3.61,CD(91일),연%
2023-03-06,3.61,CD(91일),연%
2023-03-07,3.61,CD(91일),연%
2023-03-08,3.61,CD(91일),연%
2023-03-09,3.61,CD(91일),연%
2023-03-10,3.61,CD(91일),연%
2023-03-13,3.61,CD(91일),연%
2023-03-14,3.61,CD(91일),연%
2023-03-15,3.61,CD(91일),연%
2023-03-16,3.62,CD(91일),연%
2023-03-17,3.62,CD(91일),연%
2023-03-20,3.62,CD(91일),연%
2023-03-21,3.62,CD(91일),연%
2023-03-22,3.62,CD(91일),연%
2023-03-23,3.62,CD(91일),연%
2023-03-24,3.59,CD(91일),연%
2023-03-27,3.59,CD(91일),연%
2023-03-28,3.59,CD(91일),연%
2023-03-29,3.59,CD(91일),연%
2023-03-30,3.59,CD(91일),연%
2023-03-31,3.59,CD(91일),연%
2023-04-03,3.59,CD(91일),연%
2023-04-04,3.59,CD(91일),연%
2023-04-05,3.59,CD(91일),연%
2023-04-06,3.58,CD(91일),연%
2023-04-07,3.53,CD(91일),연%
2023-04-10,3.51,CD(91일),연%
2023-04-11,3.48,CD(91일),연%
2023-04-12,3.43,CD(91일),연%
2023-04-13,3.43,CD(91일),연%
2023-04-14,3.43,CD(91일),연%
2023-04-17,3.43,CD(91일),연%
2023-04-18,3.44,CD(91일),연%
2023-04-19,3.45,CD(91일),연%
2023-04-20,3.47,CD(91일),연%
2023-04-21,3.49,CD(91일),연%
2023-04-24,3.49,CD(91일),연%
2023-04-25,3.49,CD(91일),연%
2023-04-26,3.5,CD(91일),연%
2023-04-27,3.52,CD(91일),연%
2023-04-28,3.52,CD(91일),연%
2023-05-02,3.53,CD(91일),연%
2023-05-03,3.55,CD(91일),연%
2023-05-04,3.55,CD(91일),연%
2023-05-08,3.55,CD(91일),연%
2023-05-09,3.55,CD(91일),연%
2023-05-10,3.59,CD(91일),연%
2023-05-11,3.6,CD(91일),연%
2023-05-12,3.61,CD(91일),연%
2023-05-15,3.62,CD(91일),연%
2023-05-16,3.62,CD(91일),연%
2023-05-17,3.65,CD(91일),연%
2023-05-18,3.66,CD(91일),연%
2023-05-19,3.67,CD(91일),연%
2023-05-22,3.68,CD(91일),연%
2023-05-23,3.7,CD(91일),연%
2023-05-24,3.73,CD(91일),연%
2023-05-25,3.75,CD(91일),연%
2023-05-26,3.75,CD(91일),연%
2023-05-30,3.76,CD(91일),연%
2023-05-31,3.76,CD(91일),연%
2023-06-01,3.76,CD(91일),연%
2023-06-02,3.76,CD(91일),연%
2023-06-05,3.76,CD(91일),연%
2023-06-07,3.75,CD(91일),연%
2023-06-08,3.75,CD(91일),연%
2023-06-09,3.75,CD(91일),연%
2023-06-12,3.75,CD(91일),연%
2023-06-13,3.75,CD(91일),연%
2023-06-14,3.75,CD(91일),연%
2023-06-15,3.75,CD(91일),연%
2023-06-16,3.75,CD(91일),연%
2023-06-19,3.75,CD(91일),연%
2023-06-20,3.75,CD(91일),연%
2023-06-21,3.75,CD(91일),연%
2023-06-22,3.75,CD(91일),연%
2023-06-23,3.75,CD(91일),연%
2023-06-26,3.75,CD(91일),연%
2023-06-27,3.75,CD(91일),연%
2023-06-28,3.75,CD(91일),연%
2023-06-29,3.75,CD(91일),연%
2023-06-30,3.75,CD(91일),연%
2023-07-03,3.75,CD(91일),연%
2023-07-04,3.74,CD(91일),연%
2023-07-05,3.74,CD(91일),연%
2023-07-06,3.74,CD(91일),연%
2023-07-07,3.75,CD(91일),연%
2023-07-10,3.75,CD(91일),연%
2023-07-11,3.75,CD(91일),연%
2023-07-12,3.75,CD(91일),연%
2023-07-13,3.75,CD(91일),연%
2023-07-14,3.75,CD(91일),연%
2023-07-17,3.75,CD(91일),연%
2023-07-18,3.75,CD(91일),연%
2023-07-19,3.75,CD(91일),연%
2023-07-20,3.75,CD(91일),연%
2023-07-21,3.75,CD(91일),연%
2023-07-24,3.75,CD(91일),연%
2023-07-25,3.75,CD(91일),연%
2023-07-26,3.75,CD(91일),연%
2023-07-27,3.74,CD(91일),연%
2023-07-28,3.74,CD(91일),연%
2023-07-31,3.74,CD(91일),연%
2023-08-01,3.74,CD(91일),연%
2023-08-02,3.74,CD(91일),연%
2023-08-03,3.73,CD(91일),연%
2023-08-04,3.72,CD(91일),연%
2023-08-07,3.72,CD(91일),연%
2023-08-08,3.7,CD(91일),연%
2023-08-09,3.7,CD(91일),연%
2023-08-10,3.68,CD(91일),연%
2023-08-11,3.69,CD(91일),연%
2023-08-14,3.69,CD(91일),연%
2023-08-16,3.7,CD(91일),연%
2023-08-17,3.7,CD(91일),연%
2023-08-18,3.7,CD(91일),연%
2023-08-21,3.7,CD(91일),연%
2023-08-22,3.7,CD(91일),연%
2023-08-23,3.69,CD(91일),연%
2023-08-24,3.69,CD(91일),연%
2023-08-25,3.69,CD(91일),연%
2023-08-28,3.69,CD(91일),연%
2023-08-29,3.69,CD(91일),연%
2023-08-30,3.69,CD(91일),연%
2023-08-31,3.69,CD(91일),연%
2023-09-01,3.68,CD(91일),연%
2023-09-04,3.69,CD(91일),연%
2023-09-05,3.7,CD(91일),연%
2023-09-06,3.71,CD(91일),연%
2023-09-07,3.72,CD(91일),연%
2023-09-08,3.72,CD(91일),연%
2023-09-11,3.72,CD(91일),연%
2023-09-12,3.73,CD(91일),연%
2023-09-13,3.75,CD(91일),연%
2023-09-14,3.76,CD(91일),연%
2023-09-15,3.78,CD(91일),연%
2023-09-18,3.79,CD(91일),연%
2023-09-19,3.8,CD(91일),연%
2023-09-20,3.81,CD(91일),연%
2023-09-21,3.82,CD(91일),연%
2023-09-22,3.83,CD(91일),연%
2023-09-25,3.83,CD(91일),연%
2023-09-26,3.83,CD(91일),연%
2023-09-27,3.83,CD(91일),연%
2023-10-04,3.84,CD(91일),연%
2023-10-05,3.83,CD(91일),연%
2023-10-06,3.82,CD(91일),연%
2023-10-10,3.82,CD(91일),연%
2023-10-11,3.82,CD(91일),연%
2023-10-12,3.82,CD(91일),연%
2023-10-13,3.82,CD(91일),연%
2023-10-16,3.82,CD(91일),연%
2023-10-17,3.82,CD(91일),연%
2023-10-18,3.82,CD(91일),연%
2023-10-19,3.82,CD(91일),연%
2023-10-20,3.82,CD(91일),연%
2023-10-23,3.82,CD(91일),연%
2023-10-24,3.82,CD(91일),연%
2023-10-25,3.82,CD(91일),연%
2023-10-26,3.82,CD(91일),연%
2023-10-27,3.82,CD(91일),연%
2023-10-30,3.82,CD(91일),연%
2023-10-31,3.82,CD(91일),연%
2023-11-01,3.83,CD(91일),연%
2023-11-02,3.83,CD(91일),연%
2023-11-03,3.83,CD(91일),연%
2023-11-06,3.83,CD(91일),연%
2023-11-07,3.83,CD(91일),연%
2023-11-08,3.83,CD(91일),연%
2023-11-09,3.83,CD(91일),연%
2023-11-10,3.83,CD(91일),연%
2023-11-13,3.83,CD(91일),연%
2023-11-14,3.83,CD(91일),연%
2023-11-15,3.83,CD(91일),연%
2023-11-16,3.83,CD(91일),연%
2023-11-17,3.83,CD(91일),연%
2023-11-20,3.83,CD(91일),연%
2023-11-21,3.83,CD(91일),연%
2023-11-22,3.83,CD(91일),연%
2023-11-23,3.84,CD(91일),연%
2023-11-24,3.84,CD(91일),연%
2023-11-27,3.84,CD(91일),연%
2023-11-28,3.84,CD(91일),연%
2023-11-29,3.84,CD(91일),연%
2023-11-30,3.84,CD(91일),연%
2023-12-01,3.84,CD(91일),연%
2023-12-04,3.84,CD(91일),연%
2023-12-05,3.84,CD(91일),연%
2023-12-06,3.84,CD(91일),연%
2023-12-07,3.84,CD(91일),연%
2023-12-08,3.84,CD(91일),연%
2023-12-11,3.84,CD(91일),연%
2023-12-12,3.84,CD(91일),연%
2023-12-13,3.84,CD(91일),연%
2023-12-14,3.83,CD(91일),연%
2023-12-15,3.83,CD(91일),연%
2023-12-18,3.83,CD(91일),연%
2023-12-19,3.83,CD(91일),연%
2023-12-20,3.83,CD(91일),연%
2023-12-21,3.83,CD(91일),연%
2023-12-22,3.83,CD(91일),연%
2023-12-26,3.83,CD(91일),연%
2023-12-27,3.83,CD(91일),연%
2023-12-28,3.83,CD(91일),연%
2023-12-29,3.83,CD(91일),연%
2024-01-02,3.83,CD(91일),연%
2024-01-03,3.83,CD(91일),연%
2024-01-04,3.82,CD(91일),연%
2024-01-05,3.81,CD(91일),연%
2024-01-08,3.81,CD(91일),연%
2024-01-09,3.8,CD(91일),연%
2024-01-10,3.79,CD(91일),연%
2024-01-11,3.78,CD(91일),연%
2024-01-12,3.77,CD(91일),연%
2024-01-15,3.74,CD(91일),연%
2024-01-16,3.72,CD(91일),연%
2024-01-17,3.71,CD(91일),연%
2024-01-18,3.69,CD(91일),연%
2024-01-19,3.68,CD(91일),연%
2024-01-22,3.68,CD(91일),연%
2024-01-23,3.68,CD(91일),연%
2024-01-24,3.68,CD(91일),연%
2024-01-25,3.68,CD(91일),연%
2024-01-26,3.68,CD(91일),연%
2024-01-29,3.68,CD(91일),연%
2024-01-30,3.68,CD(91일),연%
2024-01-31,3.68,CD(91일),연%
2024-02-01,3.68,CD(91일),연%
2024-02-02,3.68,CD(91일),연%
2024-02-05,3.67,CD(91일),연%
2024-02-06,3.67,CD(91일),연%
2024-02-07,3.67,CD(91일),연%
2024-02-08,3.67,CD(91일),연%
2024-02-13,3.67,CD(91일),연%
2024-02-14,3.68,CD(91일),연%
2024-02-15,3.68,CD(91일),연%
2024-02-16,3.68,CD(91일),연%
2024-02-19,3.69,CD(91일),연%
2024-02-20,3.69,CD(91일),연%
2024-02-21,3.7,CD(91일),연%
2024-02-22,3.7,CD(91일),연%
2024-02-23,3.7,CD(91일),연%
2024-02-26,3.7,CD(91일),연%
2024-02-27,3.7,CD(91일),연%
2024-02-28,3.7,CD(91일),연%
2024-02-29,3.69,CD(91일),연%
2024-03-04,3.68,CD(91일),연%
2024-03-05,3.68,CD(91일),연%
2024-03-06,3.68,CD(91일),연%
2024-03-07,3.68,CD(91일),연%
2024-03-08,3.68,CD(91일),연%
2024-03-11,3.67,CD(91일),연%
2024-03-12,3.66,CD(91일),연%
2024-03-13,3.65,CD(91일),연%
2024-03-14,3.64,CD(91일),연%
2024-03-15,3.64,CD(91일),연%
2024-03-18,3.64,CD(91일),연%
2024-03-19,3.64,CD(91일),연%
2024-03-20,3.64,CD(91일),연%
2024-03-21,3.65,CD(91일),연%
2024-03-22,3.65,CD(91일),연%
2024-03-25,3.65,CD(91일),연%
2024-03-26,3.64,CD(91일),연%
2024-03-27,3.63,CD(91일),연%
2024-03-28,3.64,CD(91일),연%
2024-03-29,3.64,CD(91일),연%
2024-04-01,3.63,CD(91일),연%
2024-04-02,3.63,CD(91일),연%
2024-04-03,3.62,CD(91일),연%
2024-04-04,3.62,CD(91일),연%
2024-04-05,3.58,CD(91일),연%
2024-04-08,3.56,CD(91일),연%
2024-04-09,3.57,CD(91일),연%
2024-04-11,3.57,CD(91일),연%
2024-04-12,3.56,CD(91일),연%
2024-04-15,3.56,CD(91일),연%
2024-04-16,3.56,CD(91일),연%
2024-04-17,3.55,CD(91일),연%
2024-04-18,3.55,CD(91일),연%
2024-04-19,3.55,CD(91일),연%
2024-04-22,3.56,CD(91일),연%
2024-04-23,3.56,CD(91일),연%
2024-04-24,3.56,CD(91일),연%
2024-04-25,3.57,CD(91일),연%
2024-04-26,3.57,CD(91일),연%
2024-04-29,3.57,CD(91일),연%
2024-04-30,3.57,CD(91일),연%
2024-05-02,3.57,CD(91일),연%
2024-05-03,3.58,CD(91일),연%
2024-05-07,3.58,CD(91일),연%
2024-05-08,3.58,CD(91일),연%
2024-05-09,3.58,CD(91일),연%
2024-05-10,3.58,CD(91일),연%
2024-05-13,3.59,CD(91일),연%
2024-05-14,3.6,CD(91일),연%
2024-05-16,3.6,CD(91일),연%
2024-05-17,3.6,CD(91일),연%
2024-05-20,3.6,CD(91일),연%
2024-05-21,3.6,CD(91일),연%
2024-05-22,3.6,CD(91일),연%
2024-05-23,3.6,CD(91일),연%
2024-05-24,3.6,CD(91일),연%
2024-05-27,3.61,CD(91일),연%
2024-05-28,3.62,CD(91일),연%
2024-05-29,3.61,CD(91일),연%
2024-05-30,3.6,CD(91일),연%
2024-05-31,3.61,CD(91일),연%
2024-06-03,3.61,CD(91일),연%
2024-06-04,3.6,CD(91일),연%
2024-06-05,3.6,CD(91일),연%
2024-06-07,3.6,CD(91일),연%
2024-06-10,3.6,CD(91일),연%
2024-06-11,3.6,CD(91일),연%
2024-06-12,3.6,CD(91일),연%
2024-06-13,3.6,CD(91일),연%
2024-06-14,3.6,CD(91일),연%
2024-06-17,3.6,CD(91일),연%
2024-06-18,3.6,CD(91일),연%
2024-06-19,3.6,CD(91일),연%
2024-06-20,3.6,CD(91일),연%
2024-06-21,3.6,CD(91일),연%
2024-06-24,3.6,CD(91일),연%
2024-06-25,3.6,CD(91일),연%
2024-06-26,3.6,CD(91일),연%
2024-06-27,3.6,CD(91일),연%
2024-06-28,3.6,CD(91일),연%
2024-07-01,3.6,CD(91일),연%
2024-07-02,3.6,CD(91일),연%
2024-07-03,3.58,CD(91일),연%
2024-07-04,3.58,CD(91일),연%
2024-07-05,3.57,CD(91일),연%
2024-07-08,3.57,CD(91일),연%
2024-07-09,3.56,CD(91일),연%
2024-07-10,3.55,CD(91일),연%
2024-07-11,3.55,CD(91일),연%
2024-07-12,3.55,CD(91일),연%
2024-07-15,3.54,CD(91일),연%
2024-07-16,3.55,CD(91일),연%
2024-07-17,3.54,CD(91일),연%
2024-07-18,3.52,CD(91일),연%
2024-07-19,3.52,CD(91일),연%
2024-07-22,3.52,CD(91일),연%
2024-07-23,3.52,CD(91일),연%
2024-07-24,3.51,CD(91일),연%
2024-07-25,3.51,CD(91일),연%
2024-07-26,3.5,CD(91일),연%
2024-07-29,3.5,CD(91일),연%
2024-07-30,3.5,CD(91일),연%
2024-07-31,3.5,CD(91일),연%
2024-08-01,3.49,CD(91일),연%
2024-08-02,3.48,CD(91일),연%
2024-08-05,3.48,CD(91일),연%
2024-08-06,3.47,CD(91일),연%
2024-08-07,3.48,CD(91일),연%
2024-08-08,3.47,CD(91일),연%
2024-08-09,3.47,CD(91일),연%
2024-08-12,3.46,CD(91일),연%
2024-08-13,3.49,CD(91일),연%
2024-08-14,3.49,CD(91일),연%
2024-08-16,3.51,CD(91일),연%
2024-08-19,3.51,CD(91일),연%
2024-08-20,3.51,CD(91일),연%
2024-08-21,3.52,CD(91일),연%
2024-08-22,3.51,CD(91일),연%
2024-08-23,3.51,CD(91일),연%
2024-08-26,3.51,CD(91일),연%
2024-08-27,3.52,CD(91일),연%
2024-08-28,3.52,CD(91일),연%
2024-08-29,3.52,CD(91일),연%
2024-08-30,3.52,CD(91일),연%
2024-09-02,3.52,CD(91일),연%
2024-09-03,3.51,CD(91일),연%
2024-09-04,3.51,CD(91일),연%
2024-09-05,3.51,CD(91일),연%
2024-09-06,3.51,CD(91일),연%
2024-09-09,3.51,CD(91일),연%
2024-09-10,3.51,CD(91일),연%
2024-09-11,3.51,CD(91일),연%
2024-09-12,3.51,CD(91일),연%
2024-09-13,3.53,CD(91일),연%
2024-09-19,3.53,CD(91일),연%
2024-09-20,3.53,CD(91일),연%
2024-09-23,3.53,CD(91일),연%
2024-09-24,3.53,CD(91일),연%
2024-09-25,3.53,CD(91일),연%
2024-09-26,3.53,CD(91일),연%
2024-09-27,3.53,CD(91일),연%
2024-09-30,3.53,CD(91일),연%
2024-10-02,3.52,CD(91일),연%
2024-10-04,3.52,CD(91일),연%
2024-10-07,3.51,CD(91일),연%
2024-10-08,3.51,CD(91일),연%
2024-10-10,3.5,CD(91일),연%
2024-10-11,3.4,CD(91일),연%
2024-10-14,3.4,CD(91일),연%
2024-10-15,3.4,CD(91일),연%
2024-10-16,3.4,CD(91일),연%
2024-10-17,3.39,CD(91일),연%
2024-10-18,3.39,CD(91일),연%
2024-10-21,3.39,CD(91일),연%
2024-10-22,3.4,CD(91일),연%
2024-10-23,3.4,CD(91일),연%
2024-10-24,3.4,CD(91일),연%
2024-10-25,3.4,CD(91일),연%
2024-10-28,3.41,CD(91일),연%
2024-10-29,3.41,CD(91일),연%
2024-10-30,3.43,CD(91일),연%
2024-10-31,3.43,CD(91일),연%
2024-11-01,3.43,CD(91일),연%
2024-11-04,3.43,CD(91일),연%
2024-11-05,3.44,CD(91일),연%
2024-11-06,3.44,CD(91일),연%
2024-11-07,3.43,CD(91일),연%
2024-11-08,3.43,CD(91일),연%
2024-11-11,3.43,CD(91일),연%
2024-11-12,3.44,CD(91일),연%
2024-11-13,3.44,CD(91일),연%
2024-11-14,3.44,CD(91일),연%
2024-11-15,3.44,CD(91일),연%
2024-11-18,3.44,CD(91일),연%
2024-11-19,3.44,CD(91일),연%
2024-11-20,3.44,CD(91일),연%
2024-11-21,3.44,CD(91일),연%
2024-11-22,3.44,CD(91일),연%
2024-11-25,3.44,CD(91일),연%
2024-11-26,3.44,CD(91일),연%
2024-11-27,3.44,CD(91일),연%
2024-11-28,3.29,CD(91일),연%
2024-11-29,3.29,CD(91일),연%
2024-12-02,3.28,CD(91일),연%
2024-12-03,3.28,CD(91일),연%
2024-12-04,3.28,CD(91일),연%
2024-12-05,3.28,CD(91일),연%
2024-12-06,3.28,CD(91일),연%
2024-12-09,3.28,CD(91일),연%
2024-12-10,3.3,CD(91일),연%
2024-12-11,3.33,CD(91일),연%
2024-12-12,3.31,CD(91일),연%
2024-12-13,3.32,CD(91일),연%
2024-12-16,3.38,CD(91일),연%
2024-12-17,3.38,CD(91일),연%
2024-12-18,3.38,CD(91일),연%
2024-12-19,3.39,CD(91일),연%
2024-12-20,3.39,CD(91일),연%
2024-12-23,3.39,CD(91일),연%
2024-12-24,3.4,CD(91일),연%
2024-12-26,3.4,CD(91일),연%
2024-12-27,3.44,CD(91일),연%
2024-12-30,3.44,CD(91일),연%
2024-12-31,3.39,CD(91일),연%
